=== fixed120-0-before.log ===
State block: fixed120-state.txt; SHA-256 4f70cfb1d7677d5b9355ddcc5e7a5e8b28fb56d4f207058fd8d3179e59342199
FallingBody smoke: 120 dynamic bodies (60 circles, 60 boxes)
  fixed-work frames: 120
  fixed-work measured steps: 120
  fixed-work total steps: 180
  average render FPS: 347.2272
  visual Hz: 347.2272
  repeated render frames: 0.0 %
  physics Hz: 347.2272
  physics capacity: 9963.47 Hz
  cycle/step: 2.8799586 ms
  worker/step: 0.10036664 ms
  resubmit gap/step: 2.6731336 ms
  queue + poll/step: 0.10466671 ms
  spawn/step: 0.0 ms
  physics steps/frame: 1.0
  average physics/frame: 0.10036664 ms
  average transform transfer/batch: 0.0017916673 ms
  maximum substeps: 1
  awake: 0
  active pairs: 0
  physics step: 0.08499999 ms
  motion: 0.003 ms
  broad phase: 0.066 ms
  solve: 0.003 ms
  sleep: 0.013 ms
  maximum speed: 0.0 m/s
  maximum angular speed: 0.0 rad/s
  base maximum speed: 0.0 m/s
  base maximum angular speed: 0.0 rad/s
  floor layer maximum speed: 0.0 m/s
  floor layer maximum velocity: (0.0, 0.0) m/s
  minimum y: -2.9501956 m
  oldest 100 maximum speed: 0.0 m/s
  maximum circle overlap: 1.0865703 mm (0.10865703 px)
  worst circle overlap pair: 0 at (-1.95, -2.9501896), awake=false; 40 at (-1.95, -2.8512762), awake=false
  overlapping circle pairs above 0.5 mm: 25
  base awake below -2 m: 0 / 120
  awake by zone: left=0, center=0, right=0
  right maximum speed: 0.0 m/s
  draw calls: 3
  pipeline binds: 3
  rendered instances: 121
{"command": ["/private/tmp/falling-regression-20260920/before", "--stress", "--smoke", "--batch-1", "--immediate", "--no-panel", "--fixed-work"], "cwd": "/Users/nekmata/Projects/SilexProject", "pid": 75358, "reason": "completed", "returncode": 0, "elapsed_seconds": 1.479, "sampled_peak_rss_kib": 98272, "sampled_peak_physical_footprint_kib": 288129, "sampled_peak_processes": 1, "limits": {"seconds": 90.0, "mib": 4096, "processes": 8, "polling_seconds": 0.1}}

=== fixed120-0-candidate.log ===
State block: fixed120-state.txt; SHA-256 4f70cfb1d7677d5b9355ddcc5e7a5e8b28fb56d4f207058fd8d3179e59342199
FallingBody smoke: 120 dynamic bodies (60 circles, 60 boxes)
  fixed-work frames: 120
  fixed-work measured steps: 120
  fixed-work total steps: 180
  average render FPS: 497.75797
  visual Hz: 497.75797
  repeated render frames: 0.0 %
  physics Hz: 497.75797
  physics capacity: 8124.029 Hz
  cycle/step: 2.0090086 ms
  worker/step: 0.12309163 ms
  resubmit gap/step: 1.817517 ms
  queue + poll/step: 0.06631669 ms
  spawn/step: 0.0 ms
  physics steps/frame: 1.0
  average physics/frame: 0.12309163 ms
  average transform transfer/batch: 0.0020833341 ms
  maximum substeps: 1
  awake: 0
  active pairs: 0
  physics step: 0.17999999 ms
  motion: 0.006 ms
  broad phase: 0.139 ms
  solve: 0.007 ms
  sleep: 0.028 ms
  maximum speed: 0.0 m/s
  maximum angular speed: 0.0 rad/s
  base maximum speed: 0.0 m/s
  base maximum angular speed: 0.0 rad/s
  floor layer maximum speed: 0.0 m/s
  floor layer maximum velocity: (0.0, 0.0) m/s
  minimum y: -2.9501956 m
  oldest 100 maximum speed: 0.0 m/s
  maximum circle overlap: 1.0865703 mm (0.10865703 px)
  worst circle overlap pair: 0 at (-1.95, -2.9501896), awake=false; 40 at (-1.95, -2.8512762), awake=false
  overlapping circle pairs above 0.5 mm: 25
  base awake below -2 m: 0 / 120
  awake by zone: left=0, center=0, right=0
  right maximum speed: 0.0 m/s
  draw calls: 3
  pipeline binds: 3
  rendered instances: 121
{"command": ["/private/tmp/falling-regression-20260920/candidate", "--stress", "--smoke", "--batch-1", "--immediate", "--no-panel", "--fixed-work"], "cwd": "/Users/nekmata/Projects/SilexProject", "pid": 75375, "reason": "completed", "returncode": 0, "elapsed_seconds": 1.343, "sampled_peak_rss_kib": 98176, "sampled_peak_physical_footprint_kib": 288401, "sampled_peak_processes": 1, "limits": {"seconds": 90.0, "mib": 4096, "processes": 8, "polling_seconds": 0.1}}

=== fixed120-1-candidate.log ===
State block: fixed120-state.txt; SHA-256 4f70cfb1d7677d5b9355ddcc5e7a5e8b28fb56d4f207058fd8d3179e59342199
FallingBody smoke: 120 dynamic bodies (60 circles, 60 boxes)
  fixed-work frames: 120
  fixed-work measured steps: 120
  fixed-work total steps: 180
  average render FPS: 504.16574
  visual Hz: 504.16574
  repeated render frames: 0.0 %
  physics Hz: 504.16574
  physics capacity: 9023.236 Hz
  cycle/step: 1.9834747 ms
  worker/step: 0.11082498 ms
  resubmit gap/step: 1.8172997 ms
  queue + poll/step: 0.053375017 ms
  spawn/step: 0.0 ms
  physics steps/frame: 1.0
  average physics/frame: 0.11082498 ms
  average transform transfer/batch: 0.0019750013 ms
  maximum substeps: 1
  awake: 0
  active pairs: 0
  physics step: 0.102000006 ms
  motion: 0.004 ms
  broad phase: 0.078 ms
  solve: 0.004 ms
  sleep: 0.016 ms
  maximum speed: 0.0 m/s
  maximum angular speed: 0.0 rad/s
  base maximum speed: 0.0 m/s
  base maximum angular speed: 0.0 rad/s
  floor layer maximum speed: 0.0 m/s
  floor layer maximum velocity: (0.0, 0.0) m/s
  minimum y: -2.9501956 m
  oldest 100 maximum speed: 0.0 m/s
  maximum circle overlap: 1.0865703 mm (0.10865703 px)
  worst circle overlap pair: 0 at (-1.95, -2.9501896), awake=false; 40 at (-1.95, -2.8512762), awake=false
  overlapping circle pairs above 0.5 mm: 25
  base awake below -2 m: 0 / 120
  awake by zone: left=0, center=0, right=0
  right maximum speed: 0.0 m/s
  draw calls: 3
  pipeline binds: 3
  rendered instances: 121
{"command": ["/private/tmp/falling-regression-20260920/candidate", "--stress", "--smoke", "--batch-1", "--immediate", "--no-panel", "--fixed-work"], "cwd": "/Users/nekmata/Projects/SilexProject", "pid": 75389, "reason": "completed", "returncode": 0, "elapsed_seconds": 0.983, "sampled_peak_rss_kib": 98496, "sampled_peak_physical_footprint_kib": 288929, "sampled_peak_processes": 1, "limits": {"seconds": 90.0, "mib": 4096, "processes": 8, "polling_seconds": 0.1}}

=== fixed120-1-before.log ===
State block: fixed120-state.txt; SHA-256 4f70cfb1d7677d5b9355ddcc5e7a5e8b28fb56d4f207058fd8d3179e59342199
FallingBody smoke: 120 dynamic bodies (60 circles, 60 boxes)
  fixed-work frames: 120
  fixed-work measured steps: 120
  fixed-work total steps: 180
  average render FPS: 489.912
  visual Hz: 489.912
  repeated render frames: 0.0 %
  physics Hz: 489.912
  physics capacity: 9646.305 Hz
  cycle/step: 2.041183 ms
  worker/step: 0.10366664 ms
  resubmit gap/step: 1.8173413 ms
  queue + poll/step: 0.118133344 ms
  spawn/step: 0.0 ms
  physics steps/frame: 1.0
  average physics/frame: 0.10366664 ms
  average transform transfer/batch: 0.002041668 ms
  maximum substeps: 1
  awake: 0
  active pairs: 0
  physics step: 0.09 ms
  motion: 0.013 ms
  broad phase: 0.061 ms
  solve: 0.004 ms
  sleep: 0.012 ms
  maximum speed: 0.0 m/s
  maximum angular speed: 0.0 rad/s
  base maximum speed: 0.0 m/s
  base maximum angular speed: 0.0 rad/s
  floor layer maximum speed: 0.0 m/s
  floor layer maximum velocity: (0.0, 0.0) m/s
  minimum y: -2.9501956 m
  oldest 100 maximum speed: 0.0 m/s
  maximum circle overlap: 1.0865703 mm (0.10865703 px)
  worst circle overlap pair: 0 at (-1.95, -2.9501896), awake=false; 40 at (-1.95, -2.8512762), awake=false
  overlapping circle pairs above 0.5 mm: 25
  base awake below -2 m: 0 / 120
  awake by zone: left=0, center=0, right=0
  right maximum speed: 0.0 m/s
  draw calls: 3
  pipeline binds: 3
  rendered instances: 121
{"command": ["/private/tmp/falling-regression-20260920/before", "--stress", "--smoke", "--batch-1", "--immediate", "--no-panel", "--fixed-work"], "cwd": "/Users/nekmata/Projects/SilexProject", "pid": 75400, "reason": "completed", "returncode": 0, "elapsed_seconds": 0.982, "sampled_peak_rss_kib": 98432, "sampled_peak_physical_footprint_kib": 288913, "sampled_peak_processes": 1, "limits": {"seconds": 90.0, "mib": 4096, "processes": 8, "polling_seconds": 0.1}}

=== fixed120-2-before.log ===
State block: fixed120-state.txt; SHA-256 4f70cfb1d7677d5b9355ddcc5e7a5e8b28fb56d4f207058fd8d3179e59342199
FallingBody smoke: 120 dynamic bodies (60 circles, 60 boxes)
  fixed-work frames: 120
  fixed-work measured steps: 120
  fixed-work total steps: 180
  average render FPS: 540.37494
  visual Hz: 540.37494
  repeated render frames: 0.0 %
  physics Hz: 540.37494
  physics capacity: 9009.686 Hz
  cycle/step: 1.850567 ms
  worker/step: 0.110991664 ms
  resubmit gap/step: 1.6085254 ms
  queue + poll/step: 0.12902495 ms
  spawn/step: 0.0 ms
  physics steps/frame: 1.0
  average physics/frame: 0.110991664 ms
  average transform transfer/batch: 0.0020250014 ms
  maximum substeps: 1
  awake: 0
  active pairs: 0
  physics step: 0.114 ms
  motion: 0.004 ms
  broad phase: 0.088 ms
  solve: 0.007 ms
  sleep: 0.015 ms
  maximum speed: 0.0 m/s
  maximum angular speed: 0.0 rad/s
  base maximum speed: 0.0 m/s
  base maximum angular speed: 0.0 rad/s
  floor layer maximum speed: 0.0 m/s
  floor layer maximum velocity: (0.0, 0.0) m/s
  minimum y: -2.9501956 m
  oldest 100 maximum speed: 0.0 m/s
  maximum circle overlap: 1.0865703 mm (0.10865703 px)
  worst circle overlap pair: 0 at (-1.95, -2.9501896), awake=false; 40 at (-1.95, -2.8512762), awake=false
  overlapping circle pairs above 0.5 mm: 25
  base awake below -2 m: 0 / 120
  awake by zone: left=0, center=0, right=0
  right maximum speed: 0.0 m/s
  draw calls: 3
  pipeline binds: 3
  rendered instances: 121
{"command": ["/private/tmp/falling-regression-20260920/before", "--stress", "--smoke", "--batch-1", "--immediate", "--no-panel", "--fixed-work"], "cwd": "/Users/nekmata/Projects/SilexProject", "pid": 75413, "reason": "completed", "returncode": 0, "elapsed_seconds": 0.986, "sampled_peak_rss_kib": 98704, "sampled_peak_physical_footprint_kib": 289073, "sampled_peak_processes": 1, "limits": {"seconds": 90.0, "mib": 4096, "processes": 8, "polling_seconds": 0.1}}

=== fixed120-2-candidate.log ===
State block: fixed120-state.txt; SHA-256 4f70cfb1d7677d5b9355ddcc5e7a5e8b28fb56d4f207058fd8d3179e59342199
FallingBody smoke: 120 dynamic bodies (60 circles, 60 boxes)
  fixed-work frames: 120
  fixed-work measured steps: 120
  fixed-work total steps: 180
  average render FPS: 501.4207
  visual Hz: 501.4207
  repeated render frames: 0.0 %
  physics Hz: 501.4207
  physics capacity: 8494.975 Hz
  cycle/step: 1.9943334 ms
  worker/step: 0.11771666 ms
  resubmit gap/step: 1.8162833 ms
  queue + poll/step: 0.058316663 ms
  spawn/step: 0.0 ms
  physics steps/frame: 1.0
  average physics/frame: 0.11771666 ms
  average transform transfer/batch: 0.002016667 ms
  maximum substeps: 1
  awake: 0
  active pairs: 0
  physics step: 0.135 ms
  motion: 0.004 ms
  broad phase: 0.105 ms
  solve: 0.005 ms
  sleep: 0.021 ms
  maximum speed: 0.0 m/s
  maximum angular speed: 0.0 rad/s
  base maximum speed: 0.0 m/s
  base maximum angular speed: 0.0 rad/s
  floor layer maximum speed: 0.0 m/s
  floor layer maximum velocity: (0.0, 0.0) m/s
  minimum y: -2.9501956 m
  oldest 100 maximum speed: 0.0 m/s
  maximum circle overlap: 1.0865703 mm (0.10865703 px)
  worst circle overlap pair: 0 at (-1.95, -2.9501896), awake=false; 40 at (-1.95, -2.8512762), awake=false
  overlapping circle pairs above 0.5 mm: 25
  base awake below -2 m: 0 / 120
  awake by zone: left=0, center=0, right=0
  right maximum speed: 0.0 m/s
  draw calls: 3
  pipeline binds: 3
  rendered instances: 121
{"command": ["/private/tmp/falling-regression-20260920/candidate", "--stress", "--smoke", "--batch-1", "--immediate", "--no-panel", "--fixed-work"], "cwd": "/Users/nekmata/Projects/SilexProject", "pid": 75424, "reason": "completed", "returncode": 0, "elapsed_seconds": 0.978, "sampled_peak_rss_kib": 98512, "sampled_peak_physical_footprint_kib": 289153, "sampled_peak_processes": 1, "limits": {"seconds": 90.0, "mib": 4096, "processes": 8, "polling_seconds": 0.1}}

=== fixed120-3-candidate.log ===
State block: fixed120-state.txt; SHA-256 4f70cfb1d7677d5b9355ddcc5e7a5e8b28fb56d4f207058fd8d3179e59342199
FallingBody smoke: 120 dynamic bodies (60 circles, 60 boxes)
  fixed-work frames: 120
  fixed-work measured steps: 120
  fixed-work total steps: 180
  average render FPS: 353.96246
  visual Hz: 353.96246
  repeated render frames: 0.0 %
  physics Hz: 353.96246
  physics capacity: 6125.2617 Hz
  cycle/step: 2.8251584 ms
  worker/step: 0.16325833 ms
  resubmit gap/step: 2.582025 ms
  queue + poll/step: 0.07729999 ms
  spawn/step: 0.0 ms
  physics steps/frame: 1.0
  average physics/frame: 0.16325833 ms
  average transform transfer/batch: 0.0025749996 ms
  maximum substeps: 1
  awake: 0
  active pairs: 0
  physics step: 0.16099998 ms
  motion: 0.006 ms
  broad phase: 0.122999996 ms
  solve: 0.007 ms
  sleep: 0.024999999 ms
  maximum speed: 0.0 m/s
  maximum angular speed: 0.0 rad/s
  base maximum speed: 0.0 m/s
  base maximum angular speed: 0.0 rad/s
  floor layer maximum speed: 0.0 m/s
  floor layer maximum velocity: (0.0, 0.0) m/s
  minimum y: -2.9501956 m
  oldest 100 maximum speed: 0.0 m/s
  maximum circle overlap: 1.0865703 mm (0.10865703 px)
  worst circle overlap pair: 0 at (-1.95, -2.9501896), awake=false; 40 at (-1.95, -2.8512762), awake=false
  overlapping circle pairs above 0.5 mm: 25
  base awake below -2 m: 0 / 120
  awake by zone: left=0, center=0, right=0
  right maximum speed: 0.0 m/s
  draw calls: 3
  pipeline binds: 3
  rendered instances: 121
{"command": ["/private/tmp/falling-regression-20260920/candidate", "--stress", "--smoke", "--batch-1", "--immediate", "--no-panel", "--fixed-work"], "cwd": "/Users/nekmata/Projects/SilexProject", "pid": 75435, "reason": "completed", "returncode": 0, "elapsed_seconds": 0.995, "sampled_peak_rss_kib": 98832, "sampled_peak_physical_footprint_kib": 288913, "sampled_peak_processes": 1, "limits": {"seconds": 90.0, "mib": 4096, "processes": 8, "polling_seconds": 0.1}}

=== fixed120-3-before.log ===
State block: fixed120-state.txt; SHA-256 4f70cfb1d7677d5b9355ddcc5e7a5e8b28fb56d4f207058fd8d3179e59342199
FallingBody smoke: 120 dynamic bodies (60 circles, 60 boxes)
  fixed-work frames: 120
  fixed-work measured steps: 120
  fixed-work total steps: 180
  average render FPS: 439.75067
  visual Hz: 439.75067
  repeated render frames: 0.0 %
  physics Hz: 439.75067
  physics capacity: 8078.6323 Hz
  cycle/step: 2.274016 ms
  worker/step: 0.12378333 ms
  resubmit gap/step: 2.0116491 ms
  queue + poll/step: 0.13645001 ms
  spawn/step: 0.0 ms
  physics steps/frame: 1.0
  average physics/frame: 0.12378333 ms
  average transform transfer/batch: 0.002133335 ms
  maximum substeps: 1
  awake: 0
  active pairs: 0
  physics step: 0.08099999 ms
  motion: 0.003 ms
  broad phase: 0.06299999 ms
  solve: 0.003 ms
  sleep: 0.012 ms
  maximum speed: 0.0 m/s
  maximum angular speed: 0.0 rad/s
  base maximum speed: 0.0 m/s
  base maximum angular speed: 0.0 rad/s
  floor layer maximum speed: 0.0 m/s
  floor layer maximum velocity: (0.0, 0.0) m/s
  minimum y: -2.9501956 m
  oldest 100 maximum speed: 0.0 m/s
  maximum circle overlap: 1.0865703 mm (0.10865703 px)
  worst circle overlap pair: 0 at (-1.95, -2.9501896), awake=false; 40 at (-1.95, -2.8512762), awake=false
  overlapping circle pairs above 0.5 mm: 25
  base awake below -2 m: 0 / 120
  awake by zone: left=0, center=0, right=0
  right maximum speed: 0.0 m/s
  draw calls: 3
  pipeline binds: 3
  rendered instances: 121
{"command": ["/private/tmp/falling-regression-20260920/before", "--stress", "--smoke", "--batch-1", "--immediate", "--no-panel", "--fixed-work"], "cwd": "/Users/nekmata/Projects/SilexProject", "pid": 75446, "reason": "completed", "returncode": 0, "elapsed_seconds": 0.99, "sampled_peak_rss_kib": 98544, "sampled_peak_physical_footprint_kib": 289041, "sampled_peak_processes": 1, "limits": {"seconds": 90.0, "mib": 4096, "processes": 8, "polling_seconds": 0.1}}

=== fixed120-4-before.log ===
State block: fixed120-state.txt; SHA-256 4f70cfb1d7677d5b9355ddcc5e7a5e8b28fb56d4f207058fd8d3179e59342199
FallingBody smoke: 120 dynamic bodies (60 circles, 60 boxes)
  fixed-work frames: 120
  fixed-work measured steps: 120
  fixed-work total steps: 180
  average render FPS: 490.35242
  visual Hz: 490.35242
  repeated render frames: 0.0 %
  physics Hz: 490.35242
  physics capacity: 9750.549 Hz
  cycle/step: 2.0393496 ms
  worker/step: 0.10255833 ms
  resubmit gap/step: 1.7983829 ms
  queue + poll/step: 0.1366 ms
  spawn/step: 0.0 ms
  physics steps/frame: 1.0
  average physics/frame: 0.10255833 ms
  average transform transfer/batch: 0.0018083343 ms
  maximum substeps: 1
  awake: 0
  active pairs: 0
  physics step: 0.08799999 ms
  motion: 0.003 ms
  broad phase: 0.067999996 ms
  solve: 0.003 ms
  sleep: 0.014 ms
  maximum speed: 0.0 m/s
  maximum angular speed: 0.0 rad/s
  base maximum speed: 0.0 m/s
  base maximum angular speed: 0.0 rad/s
  floor layer maximum speed: 0.0 m/s
  floor layer maximum velocity: (0.0, 0.0) m/s
  minimum y: -2.9501956 m
  oldest 100 maximum speed: 0.0 m/s
  maximum circle overlap: 1.0865703 mm (0.10865703 px)
  worst circle overlap pair: 0 at (-1.95, -2.9501896), awake=false; 40 at (-1.95, -2.8512762), awake=false
  overlapping circle pairs above 0.5 mm: 25
  base awake below -2 m: 0 / 120
  awake by zone: left=0, center=0, right=0
  right maximum speed: 0.0 m/s
  draw calls: 3
  pipeline binds: 3
  rendered instances: 121
{"command": ["/private/tmp/falling-regression-20260920/before", "--stress", "--smoke", "--batch-1", "--immediate", "--no-panel", "--fixed-work"], "cwd": "/Users/nekmata/Projects/SilexProject", "pid": 75460, "reason": "completed", "returncode": 0, "elapsed_seconds": 0.959, "sampled_peak_rss_kib": 98656, "sampled_peak_physical_footprint_kib": 289137, "sampled_peak_processes": 1, "limits": {"seconds": 90.0, "mib": 4096, "processes": 8, "polling_seconds": 0.1}}

=== fixed120-4-candidate.log ===
State block: fixed120-state.txt; SHA-256 4f70cfb1d7677d5b9355ddcc5e7a5e8b28fb56d4f207058fd8d3179e59342199
FallingBody smoke: 120 dynamic bodies (60 circles, 60 boxes)
  fixed-work frames: 120
  fixed-work measured steps: 120
  fixed-work total steps: 180
  average render FPS: 495.22513
  visual Hz: 495.22513
  repeated render frames: 0.0 %
  physics Hz: 495.22513
  physics capacity: 9103.323 Hz
  cycle/step: 2.0192838 ms
  worker/step: 0.10985 ms
  resubmit gap/step: 1.8492755 ms
  queue + poll/step: 0.058341634 ms
  spawn/step: 0.0 ms
  physics steps/frame: 1.0
  average physics/frame: 0.10985 ms
  average transform transfer/batch: 0.0018166673 ms
  maximum substeps: 1
  awake: 0
  active pairs: 0
  physics step: 0.13000001 ms
  motion: 0.004 ms
  broad phase: 0.101 ms
  solve: 0.005 ms
  sleep: 0.02 ms
  maximum speed: 0.0 m/s
  maximum angular speed: 0.0 rad/s
  base maximum speed: 0.0 m/s
  base maximum angular speed: 0.0 rad/s
  floor layer maximum speed: 0.0 m/s
  floor layer maximum velocity: (0.0, 0.0) m/s
  minimum y: -2.9501956 m
  oldest 100 maximum speed: 0.0 m/s
  maximum circle overlap: 1.0865703 mm (0.10865703 px)
  worst circle overlap pair: 0 at (-1.95, -2.9501896), awake=false; 40 at (-1.95, -2.8512762), awake=false
  overlapping circle pairs above 0.5 mm: 25
  base awake below -2 m: 0 / 120
  awake by zone: left=0, center=0, right=0
  right maximum speed: 0.0 m/s
  draw calls: 3
  pipeline binds: 3
  rendered instances: 121
{"command": ["/private/tmp/falling-regression-20260920/candidate", "--stress", "--smoke", "--batch-1", "--immediate", "--no-panel", "--fixed-work"], "cwd": "/Users/nekmata/Projects/SilexProject", "pid": 75471, "reason": "completed", "returncode": 0, "elapsed_seconds": 0.966, "sampled_peak_rss_kib": 98480, "sampled_peak_physical_footprint_kib": 288945, "sampled_peak_processes": 1, "limits": {"seconds": 90.0, "mib": 4096, "processes": 8, "polling_seconds": 0.1}}

=== fixed120-5-candidate.log ===
State block: fixed120-state.txt; SHA-256 4f70cfb1d7677d5b9355ddcc5e7a5e8b28fb56d4f207058fd8d3179e59342199
FallingBody smoke: 120 dynamic bodies (60 circles, 60 boxes)
  fixed-work frames: 120
  fixed-work measured steps: 120
  fixed-work total steps: 180
  average render FPS: 640.29364
  visual Hz: 640.29364
  repeated render frames: 0.0 %
  physics Hz: 640.29364
  physics capacity: 7002.393 Hz
  cycle/step: 1.5617834 ms
  worker/step: 0.14280833 ms
  resubmit gap/step: 1.3519335 ms
  queue + poll/step: 0.064466685 ms
  spawn/step: 0.0 ms
  physics steps/frame: 1.0
  average physics/frame: 0.14280833 ms
  average transform transfer/batch: 0.0025750017 ms
  maximum substeps: 1
  awake: 0
  active pairs: 0
  physics step: 0.104 ms
  motion: 0.004 ms
  broad phase: 0.081 ms
  solve: 0.004 ms
  sleep: 0.015 ms
  maximum speed: 0.0 m/s
  maximum angular speed: 0.0 rad/s
  base maximum speed: 0.0 m/s
  base maximum angular speed: 0.0 rad/s
  floor layer maximum speed: 0.0 m/s
  floor layer maximum velocity: (0.0, 0.0) m/s
  minimum y: -2.9501956 m
  oldest 100 maximum speed: 0.0 m/s
  maximum circle overlap: 1.0865703 mm (0.10865703 px)
  worst circle overlap pair: 0 at (-1.95, -2.9501896), awake=false; 40 at (-1.95, -2.8512762), awake=false
  overlapping circle pairs above 0.5 mm: 25
  base awake below -2 m: 0 / 120
  awake by zone: left=0, center=0, right=0
  right maximum speed: 0.0 m/s
  draw calls: 3
  pipeline binds: 3
  rendered instances: 121
{"command": ["/private/tmp/falling-regression-20260920/candidate", "--stress", "--smoke", "--batch-1", "--immediate", "--no-panel", "--fixed-work"], "cwd": "/Users/nekmata/Projects/SilexProject", "pid": 75482, "reason": "completed", "returncode": 0, "elapsed_seconds": 0.864, "sampled_peak_rss_kib": 98704, "sampled_peak_physical_footprint_kib": 289233, "sampled_peak_processes": 1, "limits": {"seconds": 90.0, "mib": 4096, "processes": 8, "polling_seconds": 0.1}}

=== fixed120-5-before.log ===
State block: fixed120-state.txt; SHA-256 4f70cfb1d7677d5b9355ddcc5e7a5e8b28fb56d4f207058fd8d3179e59342199
FallingBody smoke: 120 dynamic bodies (60 circles, 60 boxes)
  fixed-work frames: 120
  fixed-work measured steps: 120
  fixed-work total steps: 180
  average render FPS: 459.22836
  visual Hz: 459.22836
  repeated render frames: 0.0 %
  physics Hz: 459.22836
  physics capacity: 9496.676 Hz
  cycle/step: 2.1775658 ms
  worker/step: 0.1053 ms
  resubmit gap/step: 1.9479742 ms
  queue + poll/step: 0.12263333 ms
  spawn/step: 0.0 ms
  physics steps/frame: 1.0
  average physics/frame: 0.1053 ms
  average transform transfer/batch: 0.0016583338 ms
  maximum substeps: 1
  awake: 0
  active pairs: 0
  physics step: 0.103 ms
  motion: 0.003 ms
  broad phase: 0.069000006 ms
  solve: 0.003 ms
  sleep: 0.028 ms
  maximum speed: 0.0 m/s
  maximum angular speed: 0.0 rad/s
  base maximum speed: 0.0 m/s
  base maximum angular speed: 0.0 rad/s
  floor layer maximum speed: 0.0 m/s
  floor layer maximum velocity: (0.0, 0.0) m/s
  minimum y: -2.9501956 m
  oldest 100 maximum speed: 0.0 m/s
  maximum circle overlap: 1.0865703 mm (0.10865703 px)
  worst circle overlap pair: 0 at (-1.95, -2.9501896), awake=false; 40 at (-1.95, -2.8512762), awake=false
  overlapping circle pairs above 0.5 mm: 25
  base awake below -2 m: 0 / 120
  awake by zone: left=0, center=0, right=0
  right maximum speed: 0.0 m/s
  draw calls: 3
  pipeline binds: 3
  rendered instances: 121
{"command": ["/private/tmp/falling-regression-20260920/before", "--stress", "--smoke", "--batch-1", "--immediate", "--no-panel", "--fixed-work"], "cwd": "/Users/nekmata/Projects/SilexProject", "pid": 75492, "reason": "completed", "returncode": 0, "elapsed_seconds": 0.969, "sampled_peak_rss_kib": 98736, "sampled_peak_physical_footprint_kib": 289201, "sampled_peak_processes": 1, "limits": {"seconds": 90.0, "mib": 4096, "processes": 8, "polling_seconds": 0.1}}

=== fixed120-6-before.log ===
State block: fixed120-state.txt; SHA-256 4f70cfb1d7677d5b9355ddcc5e7a5e8b28fb56d4f207058fd8d3179e59342199
FallingBody smoke: 120 dynamic bodies (60 circles, 60 boxes)
  fixed-work frames: 120
  fixed-work measured steps: 120
  fixed-work total steps: 180
  average render FPS: 442.94998
  visual Hz: 442.94998
  repeated render frames: 0.0 %
  physics Hz: 442.94998
  physics capacity: 9542.743 Hz
  cycle/step: 2.2575912 ms
  worker/step: 0.10479167 ms
  resubmit gap/step: 2.0244663 ms
  queue + poll/step: 0.12659162 ms
  spawn/step: 0.0 ms
  physics steps/frame: 1.0
  average physics/frame: 0.10479167 ms
  average transform transfer/batch: 0.0017416672 ms
  maximum substeps: 1
  awake: 0
  active pairs: 0
  physics step: 0.091 ms
  motion: 0.004 ms
  broad phase: 0.069 ms
  solve: 0.004 ms
  sleep: 0.014 ms
  maximum speed: 0.0 m/s
  maximum angular speed: 0.0 rad/s
  base maximum speed: 0.0 m/s
  base maximum angular speed: 0.0 rad/s
  floor layer maximum speed: 0.0 m/s
  floor layer maximum velocity: (0.0, 0.0) m/s
  minimum y: -2.9501956 m
  oldest 100 maximum speed: 0.0 m/s
  maximum circle overlap: 1.0865703 mm (0.10865703 px)
  worst circle overlap pair: 0 at (-1.95, -2.9501896), awake=false; 40 at (-1.95, -2.8512762), awake=false
  overlapping circle pairs above 0.5 mm: 25
  base awake below -2 m: 0 / 120
  awake by zone: left=0, center=0, right=0
  right maximum speed: 0.0 m/s
  draw calls: 3
  pipeline binds: 3
  rendered instances: 121
{"command": ["/private/tmp/falling-regression-20260920/before", "--stress", "--smoke", "--batch-1", "--immediate", "--no-panel", "--fixed-work"], "cwd": "/Users/nekmata/Projects/SilexProject", "pid": 75503, "reason": "completed", "returncode": 0, "elapsed_seconds": 0.972, "sampled_peak_rss_kib": 98512, "sampled_peak_physical_footprint_kib": 288961, "sampled_peak_processes": 1, "limits": {"seconds": 90.0, "mib": 4096, "processes": 8, "polling_seconds": 0.1}}

=== fixed120-6-candidate.log ===
State block: fixed120-state.txt; SHA-256 4f70cfb1d7677d5b9355ddcc5e7a5e8b28fb56d4f207058fd8d3179e59342199
FallingBody smoke: 120 dynamic bodies (60 circles, 60 boxes)
  fixed-work frames: 120
  fixed-work measured steps: 120
  fixed-work total steps: 180
  average render FPS: 500.69043
  visual Hz: 500.69043
  repeated render frames: 0.0 %
  physics Hz: 500.69043
  physics capacity: 7945.443 Hz
  cycle/step: 1.9972421 ms
  worker/step: 0.1258583 ms
  resubmit gap/step: 1.805142 ms
  queue + poll/step: 0.06419173 ms
  spawn/step: 0.0 ms
  physics steps/frame: 1.0
  average physics/frame: 0.1258583 ms
  average transform transfer/batch: 0.0020500002 ms
  maximum substeps: 1
  awake: 0
  active pairs: 0
  physics step: 0.13000001 ms
  motion: 0.004 ms
  broad phase: 0.101 ms
  solve: 0.005 ms
  sleep: 0.02 ms
  maximum speed: 0.0 m/s
  maximum angular speed: 0.0 rad/s
  base maximum speed: 0.0 m/s
  base maximum angular speed: 0.0 rad/s
  floor layer maximum speed: 0.0 m/s
  floor layer maximum velocity: (0.0, 0.0) m/s
  minimum y: -2.9501956 m
  oldest 100 maximum speed: 0.0 m/s
  maximum circle overlap: 1.0865703 mm (0.10865703 px)
  worst circle overlap pair: 0 at (-1.95, -2.9501896), awake=false; 40 at (-1.95, -2.8512762), awake=false
  overlapping circle pairs above 0.5 mm: 25
  base awake below -2 m: 0 / 120
  awake by zone: left=0, center=0, right=0
  right maximum speed: 0.0 m/s
  draw calls: 3
  pipeline binds: 3
  rendered instances: 121
{"command": ["/private/tmp/falling-regression-20260920/candidate", "--stress", "--smoke", "--batch-1", "--immediate", "--no-panel", "--fixed-work"], "cwd": "/Users/nekmata/Projects/SilexProject", "pid": 75514, "reason": "completed", "returncode": 0, "elapsed_seconds": 0.978, "sampled_peak_rss_kib": 98992, "sampled_peak_physical_footprint_kib": 289457, "sampled_peak_processes": 1, "limits": {"seconds": 90.0, "mib": 4096, "processes": 8, "polling_seconds": 0.1}}

=== fixed120-7-candidate.log ===
State block: fixed120-state.txt; SHA-256 4f70cfb1d7677d5b9355ddcc5e7a5e8b28fb56d4f207058fd8d3179e59342199
FallingBody smoke: 120 dynamic bodies (60 circles, 60 boxes)
  fixed-work frames: 120
  fixed-work measured steps: 120
  fixed-work total steps: 180
  average render FPS: 485.87524
  visual Hz: 485.87524
  repeated render frames: 0.0 %
  physics Hz: 485.87524
  physics capacity: 6819.343 Hz
  cycle/step: 2.0581415 ms
  worker/step: 0.1466417 ms
  resubmit gap/step: 1.8356415 ms
  queue + poll/step: 0.073633276 ms
  spawn/step: 0.0 ms
  physics steps/frame: 1.0
  average physics/frame: 0.1466417 ms
  average transform transfer/batch: 0.0022249995 ms
  maximum substeps: 1
  awake: 0
  active pairs: 0
  physics step: 0.115 ms
  motion: 0.004 ms
  broad phase: 0.088 ms
  solve: 0.005 ms
  sleep: 0.018000001 ms
  maximum speed: 0.0 m/s
  maximum angular speed: 0.0 rad/s
  base maximum speed: 0.0 m/s
  base maximum angular speed: 0.0 rad/s
  floor layer maximum speed: 0.0 m/s
  floor layer maximum velocity: (0.0, 0.0) m/s
  minimum y: -2.9501956 m
  oldest 100 maximum speed: 0.0 m/s
  maximum circle overlap: 1.0865703 mm (0.10865703 px)
  worst circle overlap pair: 0 at (-1.95, -2.9501896), awake=false; 40 at (-1.95, -2.8512762), awake=false
  overlapping circle pairs above 0.5 mm: 25
  base awake below -2 m: 0 / 120
  awake by zone: left=0, center=0, right=0
  right maximum speed: 0.0 m/s
  draw calls: 3
  pipeline binds: 3
  rendered instances: 121
{"command": ["/private/tmp/falling-regression-20260920/candidate", "--stress", "--smoke", "--batch-1", "--immediate", "--no-panel", "--fixed-work"], "cwd": "/Users/nekmata/Projects/SilexProject", "pid": 75525, "reason": "completed", "returncode": 0, "elapsed_seconds": 0.992, "sampled_peak_rss_kib": 98704, "sampled_peak_physical_footprint_kib": 289025, "sampled_peak_processes": 1, "limits": {"seconds": 90.0, "mib": 4096, "processes": 8, "polling_seconds": 0.1}}

=== fixed120-7-before.log ===
State block: fixed120-state.txt; SHA-256 4f70cfb1d7677d5b9355ddcc5e7a5e8b28fb56d4f207058fd8d3179e59342199
FallingBody smoke: 120 dynamic bodies (60 circles, 60 boxes)
  fixed-work frames: 120
  fixed-work measured steps: 120
  fixed-work total steps: 180
  average render FPS: 497.36594
  visual Hz: 497.36594
  repeated render frames: 0.0 %
  physics Hz: 497.36594
  physics capacity: 9329.807 Hz
  cycle/step: 2.010592 ms
  worker/step: 0.10718336 ms
  resubmit gap/step: 1.7677503 ms
  queue + poll/step: 0.13382497 ms
  spawn/step: 0.0 ms
  physics steps/frame: 1.0
  average physics/frame: 0.10718336 ms
  average transform transfer/batch: 0.001833334 ms
  maximum substeps: 1
  awake: 0
  active pairs: 0
  physics step: 0.096 ms
  motion: 0.004 ms
  broad phase: 0.074 ms
  solve: 0.004 ms
  sleep: 0.014 ms
  maximum speed: 0.0 m/s
  maximum angular speed: 0.0 rad/s
  base maximum speed: 0.0 m/s
  base maximum angular speed: 0.0 rad/s
  floor layer maximum speed: 0.0 m/s
  floor layer maximum velocity: (0.0, 0.0) m/s
  minimum y: -2.9501956 m
  oldest 100 maximum speed: 0.0 m/s
  maximum circle overlap: 1.0865703 mm (0.10865703 px)
  worst circle overlap pair: 0 at (-1.95, -2.9501896), awake=false; 40 at (-1.95, -2.8512762), awake=false
  overlapping circle pairs above 0.5 mm: 25
  base awake below -2 m: 0 / 120
  awake by zone: left=0, center=0, right=0
  right maximum speed: 0.0 m/s
  draw calls: 3
  pipeline binds: 3
  rendered instances: 121
{"command": ["/private/tmp/falling-regression-20260920/before", "--stress", "--smoke", "--batch-1", "--immediate", "--no-panel", "--fixed-work"], "cwd": "/Users/nekmata/Projects/SilexProject", "pid": 75536, "reason": "completed", "returncode": 0, "elapsed_seconds": 0.961, "sampled_peak_rss_kib": 98592, "sampled_peak_physical_footprint_kib": 289089, "sampled_peak_processes": 1, "limits": {"seconds": 90.0, "mib": 4096, "processes": 8, "polling_seconds": 0.1}}

=== fixed120-8-before.log ===
State block: fixed120-state.txt; SHA-256 4f70cfb1d7677d5b9355ddcc5e7a5e8b28fb56d4f207058fd8d3179e59342199
FallingBody smoke: 120 dynamic bodies (60 circles, 60 boxes)
  fixed-work frames: 120
  fixed-work measured steps: 120
  fixed-work total steps: 180
  average render FPS: 489.13126
  visual Hz: 489.13126
  repeated render frames: 0.0 %
  physics Hz: 489.13126
  physics capacity: 9619.237 Hz
  cycle/step: 2.044441 ms
  worker/step: 0.103958346 ms
  resubmit gap/step: 1.8121327 ms
  queue + poll/step: 0.12667497 ms
  spawn/step: 0.0 ms
  physics steps/frame: 1.0
  average physics/frame: 0.103958346 ms
  average transform transfer/batch: 0.0016750001 ms
  maximum substeps: 1
  awake: 0
  active pairs: 0
  physics step: 0.088999994 ms
  motion: 0.003 ms
  broad phase: 0.069 ms
  solve: 0.003 ms
  sleep: 0.014 ms
  maximum speed: 0.0 m/s
  maximum angular speed: 0.0 rad/s
  base maximum speed: 0.0 m/s
  base maximum angular speed: 0.0 rad/s
  floor layer maximum speed: 0.0 m/s
  floor layer maximum velocity: (0.0, 0.0) m/s
  minimum y: -2.9501956 m
  oldest 100 maximum speed: 0.0 m/s
  maximum circle overlap: 1.0865703 mm (0.10865703 px)
  worst circle overlap pair: 0 at (-1.95, -2.9501896), awake=false; 40 at (-1.95, -2.8512762), awake=false
  overlapping circle pairs above 0.5 mm: 25
  base awake below -2 m: 0 / 120
  awake by zone: left=0, center=0, right=0
  right maximum speed: 0.0 m/s
  draw calls: 3
  pipeline binds: 3
  rendered instances: 121
{"command": ["/private/tmp/falling-regression-20260920/before", "--stress", "--smoke", "--batch-1", "--immediate", "--no-panel", "--fixed-work"], "cwd": "/Users/nekmata/Projects/SilexProject", "pid": 75547, "reason": "completed", "returncode": 0, "elapsed_seconds": 0.966, "sampled_peak_rss_kib": 98560, "sampled_peak_physical_footprint_kib": 289057, "sampled_peak_processes": 1, "limits": {"seconds": 90.0, "mib": 4096, "processes": 8, "polling_seconds": 0.1}}

=== fixed120-8-candidate.log ===
State block: fixed120-state.txt; SHA-256 4f70cfb1d7677d5b9355ddcc5e7a5e8b28fb56d4f207058fd8d3179e59342199
FallingBody smoke: 120 dynamic bodies (60 circles, 60 boxes)
  fixed-work frames: 120
  fixed-work measured steps: 120
  fixed-work total steps: 180
  average render FPS: 438.72952
  visual Hz: 438.72952
  repeated render frames: 0.0 %
  physics Hz: 438.72952
  physics capacity: 7557.151 Hz
  cycle/step: 2.2793086 ms
  worker/step: 0.132325 ms
  resubmit gap/step: 2.0774252 ms
  queue + poll/step: 0.0674083 ms
  spawn/step: 0.0 ms
  physics steps/frame: 1.0
  average physics/frame: 0.132325 ms
  average transform transfer/batch: 0.0021499998 ms
  maximum substeps: 1
  awake: 0
  active pairs: 0
  physics step: 0.115 ms
  motion: 0.004 ms
  broad phase: 0.089 ms
  solve: 0.004 ms
  sleep: 0.018000001 ms
  maximum speed: 0.0 m/s
  maximum angular speed: 0.0 rad/s
  base maximum speed: 0.0 m/s
  base maximum angular speed: 0.0 rad/s
  floor layer maximum speed: 0.0 m/s
  floor layer maximum velocity: (0.0, 0.0) m/s
  minimum y: -2.9501956 m
  oldest 100 maximum speed: 0.0 m/s
  maximum circle overlap: 1.0865703 mm (0.10865703 px)
  worst circle overlap pair: 0 at (-1.95, -2.9501896), awake=false; 40 at (-1.95, -2.8512762), awake=false
  overlapping circle pairs above 0.5 mm: 25
  base awake below -2 m: 0 / 120
  awake by zone: left=0, center=0, right=0
  right maximum speed: 0.0 m/s
  draw calls: 3
  pipeline binds: 3
  rendered instances: 121
{"command": ["/private/tmp/falling-regression-20260920/candidate", "--stress", "--smoke", "--batch-1", "--immediate", "--no-panel", "--fixed-work"], "cwd": "/Users/nekmata/Projects/SilexProject", "pid": 75558, "reason": "completed", "returncode": 0, "elapsed_seconds": 0.975, "sampled_peak_rss_kib": 98896, "sampled_peak_physical_footprint_kib": 289393, "sampled_peak_processes": 1, "limits": {"seconds": 90.0, "mib": 4096, "processes": 8, "polling_seconds": 0.1}}

=== fixed120-9-candidate.log ===
State block: fixed120-state.txt; SHA-256 4f70cfb1d7677d5b9355ddcc5e7a5e8b28fb56d4f207058fd8d3179e59342199
FallingBody smoke: 120 dynamic bodies (60 circles, 60 boxes)
  fixed-work frames: 120
  fixed-work measured steps: 120
  fixed-work total steps: 180
  average render FPS: 520.5418
  visual Hz: 520.5418
  repeated render frames: 0.0 %
  physics Hz: 520.5418
  physics capacity: 8437.634 Hz
  cycle/step: 1.9210752 ms
  worker/step: 0.11851665 ms
  resubmit gap/step: 1.7395669 ms
  queue + poll/step: 0.06113336 ms
  spawn/step: 0.0 ms
  physics steps/frame: 1.0
  average physics/frame: 0.11851665 ms
  average transform transfer/batch: 0.0018583332 ms
  maximum substeps: 1
  awake: 0
  active pairs: 0
  physics step: 0.13300002 ms
  motion: 0.005 ms
  broad phase: 0.102000006 ms
  solve: 0.005 ms
  sleep: 0.021 ms
  maximum speed: 0.0 m/s
  maximum angular speed: 0.0 rad/s
  base maximum speed: 0.0 m/s
  base maximum angular speed: 0.0 rad/s
  floor layer maximum speed: 0.0 m/s
  floor layer maximum velocity: (0.0, 0.0) m/s
  minimum y: -2.9501956 m
  oldest 100 maximum speed: 0.0 m/s
  maximum circle overlap: 1.0865703 mm (0.10865703 px)
  worst circle overlap pair: 0 at (-1.95, -2.9501896), awake=false; 40 at (-1.95, -2.8512762), awake=false
  overlapping circle pairs above 0.5 mm: 25
  base awake below -2 m: 0 / 120
  awake by zone: left=0, center=0, right=0
  right maximum speed: 0.0 m/s
  draw calls: 3
  pipeline binds: 3
  rendered instances: 121
{"command": ["/private/tmp/falling-regression-20260920/candidate", "--stress", "--smoke", "--batch-1", "--immediate", "--no-panel", "--fixed-work"], "cwd": "/Users/nekmata/Projects/SilexProject", "pid": 75569, "reason": "completed", "returncode": 0, "elapsed_seconds": 0.979, "sampled_peak_rss_kib": 98880, "sampled_peak_physical_footprint_kib": 289457, "sampled_peak_processes": 1, "limits": {"seconds": 90.0, "mib": 4096, "processes": 8, "polling_seconds": 0.1}}

=== fixed120-9-before.log ===
State block: fixed120-state.txt; SHA-256 4f70cfb1d7677d5b9355ddcc5e7a5e8b28fb56d4f207058fd8d3179e59342199
FallingBody smoke: 120 dynamic bodies (60 circles, 60 boxes)
  fixed-work frames: 120
  fixed-work measured steps: 120
  fixed-work total steps: 180
  average render FPS: 485.4252
  visual Hz: 485.4252
  repeated render frames: 0.0 %
  physics Hz: 485.4252
  physics capacity: 9377.198 Hz
  cycle/step: 2.0600498 ms
  worker/step: 0.10664166 ms
  resubmit gap/step: 1.8205831 ms
  queue + poll/step: 0.13099997 ms
  spawn/step: 0.0 ms
  physics steps/frame: 1.0
  average physics/frame: 0.10664166 ms
  average transform transfer/batch: 0.0018250007 ms
  maximum substeps: 1
  awake: 0
  active pairs: 0
  physics step: 0.094 ms
  motion: 0.004 ms
  broad phase: 0.072 ms
  solve: 0.004 ms
  sleep: 0.014 ms
  maximum speed: 0.0 m/s
  maximum angular speed: 0.0 rad/s
  base maximum speed: 0.0 m/s
  base maximum angular speed: 0.0 rad/s
  floor layer maximum speed: 0.0 m/s
  floor layer maximum velocity: (0.0, 0.0) m/s
  minimum y: -2.9501956 m
  oldest 100 maximum speed: 0.0 m/s
  maximum circle overlap: 1.0865703 mm (0.10865703 px)
  worst circle overlap pair: 0 at (-1.95, -2.9501896), awake=false; 40 at (-1.95, -2.8512762), awake=false
  overlapping circle pairs above 0.5 mm: 25
  base awake below -2 m: 0 / 120
  awake by zone: left=0, center=0, right=0
  right maximum speed: 0.0 m/s
  draw calls: 3
  pipeline binds: 3
  rendered instances: 121
{"command": ["/private/tmp/falling-regression-20260920/before", "--stress", "--smoke", "--batch-1", "--immediate", "--no-panel", "--fixed-work"], "cwd": "/Users/nekmata/Projects/SilexProject", "pid": 75580, "reason": "completed", "returncode": 0, "elapsed_seconds": 0.968, "sampled_peak_rss_kib": 98480, "sampled_peak_physical_footprint_kib": 288993, "sampled_peak_processes": 1, "limits": {"seconds": 90.0, "mib": 4096, "processes": 8, "polling_seconds": 0.1}}

=== render3000-0-before.log ===
State block: render3000-state.txt; SHA-256 bee69726ea4fbbab48351aaa414f59a06b8604d7078e55191ef99b2e8e0a05ad
FallingBody smoke: 3000 dynamic bodies (1500 circles, 1500 boxes)
  fixed-work frames: 120
  fixed-work measured steps: 0
  fixed-work total steps: 0
  average render FPS: 274.32715
  visual Hz: 0.0
  repeated render frames: 100.0 %
  physics Hz: 0.0
  physics capacity: 0.0 Hz
  cycle/step: 437.4339 ms
  worker/step: 0.0 ms
  resubmit gap/step: 437.4339 ms
  queue + poll/step: 0.0 ms
  spawn/step: 0.0 ms
  physics steps/frame: 0.0
  average physics/frame: 0.0 ms
  average transform transfer/batch: 0.0 ms
  maximum substeps: 0
  awake: 3000
  active pairs: 0
  physics step: 0.0 ms
  motion: 0.0 ms
  broad phase: 0.0 ms
  solve: 0.0 ms
  sleep: 0.0 ms
  maximum speed: 0.0 m/s
  maximum angular speed: 0.0 rad/s
  base maximum speed: 0.0 m/s
  base maximum angular speed: 0.0 rad/s
  floor layer maximum speed: 0.0 m/s
  floor layer maximum velocity: (0.0, 0.0) m/s
  minimum y: -2.95 m
  oldest 100 maximum speed: 0.0 m/s
  maximum circle overlap: 0.00009685755 mm (0.000009685755 px)
  worst circle overlap pair: 0 at (-4.35, -2.95), awake=true; 88 at (-4.35, -2.8500001), awake=true
  overlapping circle pairs above 0.5 mm: 0
  base awake below -2 m: 880 / 880
  awake by zone: left=722, center=1564, right=714
  right maximum speed: 0.0 m/s
  awake[0] circle: position=(-4.35, -2.95), velocity=(0.0, 0.0), angular=0.0
  awake[1] box: position=(-4.25, -2.95), velocity=(0.0, 0.0), angular=0.0
  awake[2] circle: position=(-4.15, -2.95), velocity=(0.0, 0.0), angular=0.0
  awake[3] box: position=(-4.05, -2.95), velocity=(0.0, 0.0), angular=0.0
  awake[4] circle: position=(-3.95, -2.95), velocity=(0.0, 0.0), angular=0.0
  awake[5] box: position=(-3.8500001, -2.95), velocity=(0.0, 0.0), angular=0.0
  awake[6] circle: position=(-3.75, -2.95), velocity=(0.0, 0.0), angular=0.0
  awake[7] box: position=(-3.65, -2.95), velocity=(0.0, 0.0), angular=0.0
  awake[8] circle: position=(-3.55, -2.95), velocity=(0.0, 0.0), angular=0.0
  awake[9] box: position=(-3.45, -2.95), velocity=(0.0, 0.0), angular=0.0
  awake[10] circle: position=(-3.3500001, -2.95), velocity=(0.0, 0.0), angular=0.0
  awake[11] box: position=(-3.25, -2.95), velocity=(0.0, 0.0), angular=0.0
  awake[12] circle: position=(-3.15, -2.95), velocity=(0.0, 0.0), angular=0.0
  awake[13] box: position=(-3.05, -2.95), velocity=(0.0, 0.0), angular=0.0
  awake[14] circle: position=(-2.95, -2.95), velocity=(0.0, 0.0), angular=0.0
  awake[15] box: position=(-2.8500001, -2.95), velocity=(0.0, 0.0), angular=0.0
  awake[16] circle: position=(-2.75, -2.95), velocity=(0.0, 0.0), angular=0.0
  awake[17] box: position=(-2.65, -2.95), velocity=(0.0, 0.0), angular=0.0
  awake[18] circle: position=(-2.55, -2.95), velocity=(0.0, 0.0), angular=0.0
  awake[19] box: position=(-2.45, -2.95), velocity=(0.0, 0.0), angular=0.0
  awake[20] circle: position=(-2.3500001, -2.95), velocity=(0.0, 0.0), angular=0.0
  awake[21] box: position=(-2.25, -2.95), velocity=(0.0, 0.0), angular=0.0
  awake[22] circle: position=(-2.15, -2.95), velocity=(0.0, 0.0), angular=0.0
  awake[23] box: position=(-2.05, -2.95), velocity=(0.0, 0.0), angular=0.0
  draw calls: 3
  pipeline binds: 3
  rendered instances: 3001
{"command": ["/private/tmp/falling-regression-20260920/before", "--stress-3000", "--smoke", "--immediate", "--no-panel", "--render-only", "--fixed-work", "--batch-1"], "cwd": "/Users/nekmata/Projects/SilexProject", "pid": 75591, "reason": "completed", "returncode": 0, "elapsed_seconds": 1.406, "sampled_peak_rss_kib": 105152, "sampled_peak_physical_footprint_kib": 296305, "sampled_peak_processes": 1, "limits": {"seconds": 90.0, "mib": 4096, "processes": 8, "polling_seconds": 0.1}}

=== render3000-0-candidate.log ===
State block: render3000-state.txt; SHA-256 bee69726ea4fbbab48351aaa414f59a06b8604d7078e55191ef99b2e8e0a05ad
FallingBody smoke: 3000 dynamic bodies (1500 circles, 1500 boxes)
  fixed-work frames: 120
  fixed-work measured steps: 0
  fixed-work total steps: 0
  average render FPS: 517.20355
  visual Hz: 0.0
  repeated render frames: 100.0 %
  physics Hz: 0.0
  physics capacity: 0.0 Hz
  cycle/step: 232.01697 ms
  worker/step: 0.0 ms
  resubmit gap/step: 232.01697 ms
  queue + poll/step: 0.0 ms
  spawn/step: 0.0 ms
  physics steps/frame: 0.0
  average physics/frame: 0.0 ms
  average transform transfer/batch: 0.0 ms
  maximum substeps: 0
  awake: 3000
  active pairs: 0
  physics step: 0.0 ms
  motion: 0.0 ms
  broad phase: 0.0 ms
  solve: 0.0 ms
  sleep: 0.0 ms
  maximum speed: 0.0 m/s
  maximum angular speed: 0.0 rad/s
  base maximum speed: 0.0 m/s
  base maximum angular speed: 0.0 rad/s
  floor layer maximum speed: 0.0 m/s
  floor layer maximum velocity: (0.0, 0.0) m/s
  minimum y: -2.95 m
  oldest 100 maximum speed: 0.0 m/s
  maximum circle overlap: 0.00009685755 mm (0.000009685755 px)
  worst circle overlap pair: 0 at (-4.35, -2.95), awake=true; 88 at (-4.35, -2.8500001), awake=true
  overlapping circle pairs above 0.5 mm: 0
  base awake below -2 m: 880 / 880
  awake by zone: left=722, center=1564, right=714
  right maximum speed: 0.0 m/s
  awake[0] circle: position=(-4.35, -2.95), velocity=(0.0, 0.0), angular=0.0
  awake[1] box: position=(-4.25, -2.95), velocity=(0.0, 0.0), angular=0.0
  awake[2] circle: position=(-4.15, -2.95), velocity=(0.0, 0.0), angular=0.0
  awake[3] box: position=(-4.05, -2.95), velocity=(0.0, 0.0), angular=0.0
  awake[4] circle: position=(-3.95, -2.95), velocity=(0.0, 0.0), angular=0.0
  awake[5] box: position=(-3.8500001, -2.95), velocity=(0.0, 0.0), angular=0.0
  awake[6] circle: position=(-3.75, -2.95), velocity=(0.0, 0.0), angular=0.0
  awake[7] box: position=(-3.65, -2.95), velocity=(0.0, 0.0), angular=0.0
  awake[8] circle: position=(-3.55, -2.95), velocity=(0.0, 0.0), angular=0.0
  awake[9] box: position=(-3.45, -2.95), velocity=(0.0, 0.0), angular=0.0
  awake[10] circle: position=(-3.3500001, -2.95), velocity=(0.0, 0.0), angular=0.0
  awake[11] box: position=(-3.25, -2.95), velocity=(0.0, 0.0), angular=0.0
  awake[12] circle: position=(-3.15, -2.95), velocity=(0.0, 0.0), angular=0.0
  awake[13] box: position=(-3.05, -2.95), velocity=(0.0, 0.0), angular=0.0
  awake[14] circle: position=(-2.95, -2.95), velocity=(0.0, 0.0), angular=0.0
  awake[15] box: position=(-2.8500001, -2.95), velocity=(0.0, 0.0), angular=0.0
  awake[16] circle: position=(-2.75, -2.95), velocity=(0.0, 0.0), angular=0.0
  awake[17] box: position=(-2.65, -2.95), velocity=(0.0, 0.0), angular=0.0
  awake[18] circle: position=(-2.55, -2.95), velocity=(0.0, 0.0), angular=0.0
  awake[19] box: position=(-2.45, -2.95), velocity=(0.0, 0.0), angular=0.0
  awake[20] circle: position=(-2.3500001, -2.95), velocity=(0.0, 0.0), angular=0.0
  awake[21] box: position=(-2.25, -2.95), velocity=(0.0, 0.0), angular=0.0
  awake[22] circle: position=(-2.15, -2.95), velocity=(0.0, 0.0), angular=0.0
  awake[23] box: position=(-2.05, -2.95), velocity=(0.0, 0.0), angular=0.0
  draw calls: 3
  pipeline binds: 3
  rendered instances: 3001
{"command": ["/private/tmp/falling-regression-20260920/candidate", "--stress-3000", "--smoke", "--immediate", "--no-panel", "--render-only", "--fixed-work", "--batch-1"], "cwd": "/Users/nekmata/Projects/SilexProject", "pid": 75606, "reason": "completed", "returncode": 0, "elapsed_seconds": 1.186, "sampled_peak_rss_kib": 104752, "sampled_peak_physical_footprint_kib": 295889, "sampled_peak_processes": 1, "limits": {"seconds": 90.0, "mib": 4096, "processes": 8, "polling_seconds": 0.1}}

=== render3000-1-candidate.log ===
State block: render3000-state.txt; SHA-256 bee69726ea4fbbab48351aaa414f59a06b8604d7078e55191ef99b2e8e0a05ad
FallingBody smoke: 3000 dynamic bodies (1500 circles, 1500 boxes)
  fixed-work frames: 120
  fixed-work measured steps: 0
  fixed-work total steps: 0
  average render FPS: 475.6431
  visual Hz: 0.0
  repeated render frames: 100.0 %
  physics Hz: 0.0
  physics capacity: 0.0 Hz
  cycle/step: 252.29001 ms
  worker/step: 0.0 ms
  resubmit gap/step: 252.29001 ms
  queue + poll/step: 0.0 ms
  spawn/step: 0.0 ms
  physics steps/frame: 0.0
  average physics/frame: 0.0 ms
  average transform transfer/batch: 0.0 ms
  maximum substeps: 0
  awake: 3000
  active pairs: 0
  physics step: 0.0 ms
  motion: 0.0 ms
  broad phase: 0.0 ms
  solve: 0.0 ms
  sleep: 0.0 ms
  maximum speed: 0.0 m/s
  maximum angular speed: 0.0 rad/s
  base maximum speed: 0.0 m/s
  base maximum angular speed: 0.0 rad/s
  floor layer maximum speed: 0.0 m/s
  floor layer maximum velocity: (0.0, 0.0) m/s
  minimum y: -2.95 m
  oldest 100 maximum speed: 0.0 m/s
  maximum circle overlap: 0.00009685755 mm (0.000009685755 px)
  worst circle overlap pair: 0 at (-4.35, -2.95), awake=true; 88 at (-4.35, -2.8500001), awake=true
  overlapping circle pairs above 0.5 mm: 0
  base awake below -2 m: 880 / 880
  awake by zone: left=722, center=1564, right=714
  right maximum speed: 0.0 m/s
  awake[0] circle: position=(-4.35, -2.95), velocity=(0.0, 0.0), angular=0.0
  awake[1] box: position=(-4.25, -2.95), velocity=(0.0, 0.0), angular=0.0
  awake[2] circle: position=(-4.15, -2.95), velocity=(0.0, 0.0), angular=0.0
  awake[3] box: position=(-4.05, -2.95), velocity=(0.0, 0.0), angular=0.0
  awake[4] circle: position=(-3.95, -2.95), velocity=(0.0, 0.0), angular=0.0
  awake[5] box: position=(-3.8500001, -2.95), velocity=(0.0, 0.0), angular=0.0
  awake[6] circle: position=(-3.75, -2.95), velocity=(0.0, 0.0), angular=0.0
  awake[7] box: position=(-3.65, -2.95), velocity=(0.0, 0.0), angular=0.0
  awake[8] circle: position=(-3.55, -2.95), velocity=(0.0, 0.0), angular=0.0
  awake[9] box: position=(-3.45, -2.95), velocity=(0.0, 0.0), angular=0.0
  awake[10] circle: position=(-3.3500001, -2.95), velocity=(0.0, 0.0), angular=0.0
  awake[11] box: position=(-3.25, -2.95), velocity=(0.0, 0.0), angular=0.0
  awake[12] circle: position=(-3.15, -2.95), velocity=(0.0, 0.0), angular=0.0
  awake[13] box: position=(-3.05, -2.95), velocity=(0.0, 0.0), angular=0.0
  awake[14] circle: position=(-2.95, -2.95), velocity=(0.0, 0.0), angular=0.0
  awake[15] box: position=(-2.8500001, -2.95), velocity=(0.0, 0.0), angular=0.0
  awake[16] circle: position=(-2.75, -2.95), velocity=(0.0, 0.0), angular=0.0
  awake[17] box: position=(-2.65, -2.95), velocity=(0.0, 0.0), angular=0.0
  awake[18] circle: position=(-2.55, -2.95), velocity=(0.0, 0.0), angular=0.0
  awake[19] box: position=(-2.45, -2.95), velocity=(0.0, 0.0), angular=0.0
  awake[20] circle: position=(-2.3500001, -2.95), velocity=(0.0, 0.0), angular=0.0
  awake[21] box: position=(-2.25, -2.95), velocity=(0.0, 0.0), angular=0.0
  awake[22] circle: position=(-2.15, -2.95), velocity=(0.0, 0.0), angular=0.0
  awake[23] box: position=(-2.05, -2.95), velocity=(0.0, 0.0), angular=0.0
  draw calls: 3
  pipeline binds: 3
  rendered instances: 3001
{"command": ["/private/tmp/falling-regression-20260920/candidate", "--stress-3000", "--smoke", "--immediate", "--no-panel", "--render-only", "--fixed-work", "--batch-1"], "cwd": "/Users/nekmata/Projects/SilexProject", "pid": 75619, "reason": "completed", "returncode": 0, "elapsed_seconds": 1.303, "sampled_peak_rss_kib": 104768, "sampled_peak_physical_footprint_kib": 295825, "sampled_peak_processes": 1, "limits": {"seconds": 90.0, "mib": 4096, "processes": 8, "polling_seconds": 0.1}}

=== render3000-1-before.log ===
State block: render3000-state.txt; SHA-256 bee69726ea4fbbab48351aaa414f59a06b8604d7078e55191ef99b2e8e0a05ad
FallingBody smoke: 3000 dynamic bodies (1500 circles, 1500 boxes)
  fixed-work frames: 120
  fixed-work measured steps: 0
  fixed-work total steps: 0
  average render FPS: 265.1952
  visual Hz: 0.0
  repeated render frames: 100.0 %
  physics Hz: 0.0
  physics capacity: 0.0 Hz
  cycle/step: 452.49692 ms
  worker/step: 0.0 ms
  resubmit gap/step: 452.49692 ms
  queue + poll/step: 0.0 ms
  spawn/step: 0.0 ms
  physics steps/frame: 0.0
  average physics/frame: 0.0 ms
  average transform transfer/batch: 0.0 ms
  maximum substeps: 0
  awake: 3000
  active pairs: 0
  physics step: 0.0 ms
  motion: 0.0 ms
  broad phase: 0.0 ms
  solve: 0.0 ms
  sleep: 0.0 ms
  maximum speed: 0.0 m/s
  maximum angular speed: 0.0 rad/s
  base maximum speed: 0.0 m/s
  base maximum angular speed: 0.0 rad/s
  floor layer maximum speed: 0.0 m/s
  floor layer maximum velocity: (0.0, 0.0) m/s
  minimum y: -2.95 m
  oldest 100 maximum speed: 0.0 m/s
  maximum circle overlap: 0.00009685755 mm (0.000009685755 px)
  worst circle overlap pair: 0 at (-4.35, -2.95), awake=true; 88 at (-4.35, -2.8500001), awake=true
  overlapping circle pairs above 0.5 mm: 0
  base awake below -2 m: 880 / 880
  awake by zone: left=722, center=1564, right=714
  right maximum speed: 0.0 m/s
  awake[0] circle: position=(-4.35, -2.95), velocity=(0.0, 0.0), angular=0.0
  awake[1] box: position=(-4.25, -2.95), velocity=(0.0, 0.0), angular=0.0
  awake[2] circle: position=(-4.15, -2.95), velocity=(0.0, 0.0), angular=0.0
  awake[3] box: position=(-4.05, -2.95), velocity=(0.0, 0.0), angular=0.0
  awake[4] circle: position=(-3.95, -2.95), velocity=(0.0, 0.0), angular=0.0
  awake[5] box: position=(-3.8500001, -2.95), velocity=(0.0, 0.0), angular=0.0
  awake[6] circle: position=(-3.75, -2.95), velocity=(0.0, 0.0), angular=0.0
  awake[7] box: position=(-3.65, -2.95), velocity=(0.0, 0.0), angular=0.0
  awake[8] circle: position=(-3.55, -2.95), velocity=(0.0, 0.0), angular=0.0
  awake[9] box: position=(-3.45, -2.95), velocity=(0.0, 0.0), angular=0.0
  awake[10] circle: position=(-3.3500001, -2.95), velocity=(0.0, 0.0), angular=0.0
  awake[11] box: position=(-3.25, -2.95), velocity=(0.0, 0.0), angular=0.0
  awake[12] circle: position=(-3.15, -2.95), velocity=(0.0, 0.0), angular=0.0
  awake[13] box: position=(-3.05, -2.95), velocity=(0.0, 0.0), angular=0.0
  awake[14] circle: position=(-2.95, -2.95), velocity=(0.0, 0.0), angular=0.0
  awake[15] box: position=(-2.8500001, -2.95), velocity=(0.0, 0.0), angular=0.0
  awake[16] circle: position=(-2.75, -2.95), velocity=(0.0, 0.0), angular=0.0
  awake[17] box: position=(-2.65, -2.95), velocity=(0.0, 0.0), angular=0.0
  awake[18] circle: position=(-2.55, -2.95), velocity=(0.0, 0.0), angular=0.0
  awake[19] box: position=(-2.45, -2.95), velocity=(0.0, 0.0), angular=0.0
  awake[20] circle: position=(-2.3500001, -2.95), velocity=(0.0, 0.0), angular=0.0
  awake[21] box: position=(-2.25, -2.95), velocity=(0.0, 0.0), angular=0.0
  awake[22] circle: position=(-2.15, -2.95), velocity=(0.0, 0.0), angular=0.0
  awake[23] box: position=(-2.05, -2.95), velocity=(0.0, 0.0), angular=0.0
  draw calls: 3
  pipeline binds: 3
  rendered instances: 3001
{"command": ["/private/tmp/falling-regression-20260920/before", "--stress-3000", "--smoke", "--immediate", "--no-panel", "--render-only", "--fixed-work", "--batch-1"], "cwd": "/Users/nekmata/Projects/SilexProject", "pid": 75635, "reason": "completed", "returncode": 0, "elapsed_seconds": 1.403, "sampled_peak_rss_kib": 105536, "sampled_peak_physical_footprint_kib": 296721, "sampled_peak_processes": 1, "limits": {"seconds": 90.0, "mib": 4096, "processes": 8, "polling_seconds": 0.1}}

=== render3000-2-before.log ===
State block: render3000-state.txt; SHA-256 bee69726ea4fbbab48351aaa414f59a06b8604d7078e55191ef99b2e8e0a05ad
FallingBody smoke: 3000 dynamic bodies (1500 circles, 1500 boxes)
  fixed-work frames: 120
  fixed-work measured steps: 0
  fixed-work total steps: 0
  average render FPS: 264.46344
  visual Hz: 0.0
  repeated render frames: 100.0 %
  physics Hz: 0.0
  physics capacity: 0.0 Hz
  cycle/step: 453.74893 ms
  worker/step: 0.0 ms
  resubmit gap/step: 453.74893 ms
  queue + poll/step: 0.0 ms
  spawn/step: 0.0 ms
  physics steps/frame: 0.0
  average physics/frame: 0.0 ms
  average transform transfer/batch: 0.0 ms
  maximum substeps: 0
  awake: 3000
  active pairs: 0
  physics step: 0.0 ms
  motion: 0.0 ms
  broad phase: 0.0 ms
  solve: 0.0 ms
  sleep: 0.0 ms
  maximum speed: 0.0 m/s
  maximum angular speed: 0.0 rad/s
  base maximum speed: 0.0 m/s
  base maximum angular speed: 0.0 rad/s
  floor layer maximum speed: 0.0 m/s
  floor layer maximum velocity: (0.0, 0.0) m/s
  minimum y: -2.95 m
  oldest 100 maximum speed: 0.0 m/s
  maximum circle overlap: 0.00009685755 mm (0.000009685755 px)
  worst circle overlap pair: 0 at (-4.35, -2.95), awake=true; 88 at (-4.35, -2.8500001), awake=true
  overlapping circle pairs above 0.5 mm: 0
  base awake below -2 m: 880 / 880
  awake by zone: left=722, center=1564, right=714
  right maximum speed: 0.0 m/s
  awake[0] circle: position=(-4.35, -2.95), velocity=(0.0, 0.0), angular=0.0
  awake[1] box: position=(-4.25, -2.95), velocity=(0.0, 0.0), angular=0.0
  awake[2] circle: position=(-4.15, -2.95), velocity=(0.0, 0.0), angular=0.0
  awake[3] box: position=(-4.05, -2.95), velocity=(0.0, 0.0), angular=0.0
  awake[4] circle: position=(-3.95, -2.95), velocity=(0.0, 0.0), angular=0.0
  awake[5] box: position=(-3.8500001, -2.95), velocity=(0.0, 0.0), angular=0.0
  awake[6] circle: position=(-3.75, -2.95), velocity=(0.0, 0.0), angular=0.0
  awake[7] box: position=(-3.65, -2.95), velocity=(0.0, 0.0), angular=0.0
  awake[8] circle: position=(-3.55, -2.95), velocity=(0.0, 0.0), angular=0.0
  awake[9] box: position=(-3.45, -2.95), velocity=(0.0, 0.0), angular=0.0
  awake[10] circle: position=(-3.3500001, -2.95), velocity=(0.0, 0.0), angular=0.0
  awake[11] box: position=(-3.25, -2.95), velocity=(0.0, 0.0), angular=0.0
  awake[12] circle: position=(-3.15, -2.95), velocity=(0.0, 0.0), angular=0.0
  awake[13] box: position=(-3.05, -2.95), velocity=(0.0, 0.0), angular=0.0
  awake[14] circle: position=(-2.95, -2.95), velocity=(0.0, 0.0), angular=0.0
  awake[15] box: position=(-2.8500001, -2.95), velocity=(0.0, 0.0), angular=0.0
  awake[16] circle: position=(-2.75, -2.95), velocity=(0.0, 0.0), angular=0.0
  awake[17] box: position=(-2.65, -2.95), velocity=(0.0, 0.0), angular=0.0
  awake[18] circle: position=(-2.55, -2.95), velocity=(0.0, 0.0), angular=0.0
  awake[19] box: position=(-2.45, -2.95), velocity=(0.0, 0.0), angular=0.0
  awake[20] circle: position=(-2.3500001, -2.95), velocity=(0.0, 0.0), angular=0.0
  awake[21] box: position=(-2.25, -2.95), velocity=(0.0, 0.0), angular=0.0
  awake[22] circle: position=(-2.15, -2.95), velocity=(0.0, 0.0), angular=0.0
  awake[23] box: position=(-2.05, -2.95), velocity=(0.0, 0.0), angular=0.0
  draw calls: 3
  pipeline binds: 3
  rendered instances: 3001
{"command": ["/private/tmp/falling-regression-20260920/before", "--stress-3000", "--smoke", "--immediate", "--no-panel", "--render-only", "--fixed-work", "--batch-1"], "cwd": "/Users/nekmata/Projects/SilexProject", "pid": 75653, "reason": "completed", "returncode": 0, "elapsed_seconds": 1.394, "sampled_peak_rss_kib": 105392, "sampled_peak_physical_footprint_kib": 296529, "sampled_peak_processes": 1, "limits": {"seconds": 90.0, "mib": 4096, "processes": 8, "polling_seconds": 0.1}}

=== render3000-2-candidate.log ===
State block: render3000-state.txt; SHA-256 bee69726ea4fbbab48351aaa414f59a06b8604d7078e55191ef99b2e8e0a05ad
FallingBody smoke: 3000 dynamic bodies (1500 circles, 1500 boxes)
  fixed-work frames: 120
  fixed-work measured steps: 0
  fixed-work total steps: 0
  average render FPS: 537.7356
  visual Hz: 0.0
  repeated render frames: 100.0 %
  physics Hz: 0.0
  physics capacity: 0.0 Hz
  cycle/step: 223.158 ms
  worker/step: 0.0 ms
  resubmit gap/step: 223.158 ms
  queue + poll/step: 0.0 ms
  spawn/step: 0.0 ms
  physics steps/frame: 0.0
  average physics/frame: 0.0 ms
  average transform transfer/batch: 0.0 ms
  maximum substeps: 0
  awake: 3000
  active pairs: 0
  physics step: 0.0 ms
  motion: 0.0 ms
  broad phase: 0.0 ms
  solve: 0.0 ms
  sleep: 0.0 ms
  maximum speed: 0.0 m/s
  maximum angular speed: 0.0 rad/s
  base maximum speed: 0.0 m/s
  base maximum angular speed: 0.0 rad/s
  floor layer maximum speed: 0.0 m/s
  floor layer maximum velocity: (0.0, 0.0) m/s
  minimum y: -2.95 m
  oldest 100 maximum speed: 0.0 m/s
  maximum circle overlap: 0.00009685755 mm (0.000009685755 px)
  worst circle overlap pair: 0 at (-4.35, -2.95), awake=true; 88 at (-4.35, -2.8500001), awake=true
  overlapping circle pairs above 0.5 mm: 0
  base awake below -2 m: 880 / 880
  awake by zone: left=722, center=1564, right=714
  right maximum speed: 0.0 m/s
  awake[0] circle: position=(-4.35, -2.95), velocity=(0.0, 0.0), angular=0.0
  awake[1] box: position=(-4.25, -2.95), velocity=(0.0, 0.0), angular=0.0
  awake[2] circle: position=(-4.15, -2.95), velocity=(0.0, 0.0), angular=0.0
  awake[3] box: position=(-4.05, -2.95), velocity=(0.0, 0.0), angular=0.0
  awake[4] circle: position=(-3.95, -2.95), velocity=(0.0, 0.0), angular=0.0
  awake[5] box: position=(-3.8500001, -2.95), velocity=(0.0, 0.0), angular=0.0
  awake[6] circle: position=(-3.75, -2.95), velocity=(0.0, 0.0), angular=0.0
  awake[7] box: position=(-3.65, -2.95), velocity=(0.0, 0.0), angular=0.0
  awake[8] circle: position=(-3.55, -2.95), velocity=(0.0, 0.0), angular=0.0
  awake[9] box: position=(-3.45, -2.95), velocity=(0.0, 0.0), angular=0.0
  awake[10] circle: position=(-3.3500001, -2.95), velocity=(0.0, 0.0), angular=0.0
  awake[11] box: position=(-3.25, -2.95), velocity=(0.0, 0.0), angular=0.0
  awake[12] circle: position=(-3.15, -2.95), velocity=(0.0, 0.0), angular=0.0
  awake[13] box: position=(-3.05, -2.95), velocity=(0.0, 0.0), angular=0.0
  awake[14] circle: position=(-2.95, -2.95), velocity=(0.0, 0.0), angular=0.0
  awake[15] box: position=(-2.8500001, -2.95), velocity=(0.0, 0.0), angular=0.0
  awake[16] circle: position=(-2.75, -2.95), velocity=(0.0, 0.0), angular=0.0
  awake[17] box: position=(-2.65, -2.95), velocity=(0.0, 0.0), angular=0.0
  awake[18] circle: position=(-2.55, -2.95), velocity=(0.0, 0.0), angular=0.0
  awake[19] box: position=(-2.45, -2.95), velocity=(0.0, 0.0), angular=0.0
  awake[20] circle: position=(-2.3500001, -2.95), velocity=(0.0, 0.0), angular=0.0
  awake[21] box: position=(-2.25, -2.95), velocity=(0.0, 0.0), angular=0.0
  awake[22] circle: position=(-2.15, -2.95), velocity=(0.0, 0.0), angular=0.0
  awake[23] box: position=(-2.05, -2.95), velocity=(0.0, 0.0), angular=0.0
  draw calls: 3
  pipeline binds: 3
  rendered instances: 3001
{"command": ["/private/tmp/falling-regression-20260920/candidate", "--stress-3000", "--smoke", "--immediate", "--no-panel", "--render-only", "--fixed-work", "--batch-1"], "cwd": "/Users/nekmata/Projects/SilexProject", "pid": 75668, "reason": "completed", "returncode": 0, "elapsed_seconds": 1.185, "sampled_peak_rss_kib": 104816, "sampled_peak_physical_footprint_kib": 296001, "sampled_peak_processes": 1, "limits": {"seconds": 90.0, "mib": 4096, "processes": 8, "polling_seconds": 0.1}}

=== render3000-3-candidate.log ===
State block: render3000-state.txt; SHA-256 bee69726ea4fbbab48351aaa414f59a06b8604d7078e55191ef99b2e8e0a05ad
FallingBody smoke: 3000 dynamic bodies (1500 circles, 1500 boxes)
  fixed-work frames: 120
  fixed-work measured steps: 0
  fixed-work total steps: 0
  average render FPS: 472.48172
  visual Hz: 0.0
  repeated render frames: 100.0 %
  physics Hz: 0.0
  physics capacity: 0.0 Hz
  cycle/step: 253.97807 ms
  worker/step: 0.0 ms
  resubmit gap/step: 253.97807 ms
  queue + poll/step: 0.0 ms
  spawn/step: 0.0 ms
  physics steps/frame: 0.0
  average physics/frame: 0.0 ms
  average transform transfer/batch: 0.0 ms
  maximum substeps: 0
  awake: 3000
  active pairs: 0
  physics step: 0.0 ms
  motion: 0.0 ms
  broad phase: 0.0 ms
  solve: 0.0 ms
  sleep: 0.0 ms
  maximum speed: 0.0 m/s
  maximum angular speed: 0.0 rad/s
  base maximum speed: 0.0 m/s
  base maximum angular speed: 0.0 rad/s
  floor layer maximum speed: 0.0 m/s
  floor layer maximum velocity: (0.0, 0.0) m/s
  minimum y: -2.95 m
  oldest 100 maximum speed: 0.0 m/s
  maximum circle overlap: 0.00009685755 mm (0.000009685755 px)
  worst circle overlap pair: 0 at (-4.35, -2.95), awake=true; 88 at (-4.35, -2.8500001), awake=true
  overlapping circle pairs above 0.5 mm: 0
  base awake below -2 m: 880 / 880
  awake by zone: left=722, center=1564, right=714
  right maximum speed: 0.0 m/s
  awake[0] circle: position=(-4.35, -2.95), velocity=(0.0, 0.0), angular=0.0
  awake[1] box: position=(-4.25, -2.95), velocity=(0.0, 0.0), angular=0.0
  awake[2] circle: position=(-4.15, -2.95), velocity=(0.0, 0.0), angular=0.0
  awake[3] box: position=(-4.05, -2.95), velocity=(0.0, 0.0), angular=0.0
  awake[4] circle: position=(-3.95, -2.95), velocity=(0.0, 0.0), angular=0.0
  awake[5] box: position=(-3.8500001, -2.95), velocity=(0.0, 0.0), angular=0.0
  awake[6] circle: position=(-3.75, -2.95), velocity=(0.0, 0.0), angular=0.0
  awake[7] box: position=(-3.65, -2.95), velocity=(0.0, 0.0), angular=0.0
  awake[8] circle: position=(-3.55, -2.95), velocity=(0.0, 0.0), angular=0.0
  awake[9] box: position=(-3.45, -2.95), velocity=(0.0, 0.0), angular=0.0
  awake[10] circle: position=(-3.3500001, -2.95), velocity=(0.0, 0.0), angular=0.0
  awake[11] box: position=(-3.25, -2.95), velocity=(0.0, 0.0), angular=0.0
  awake[12] circle: position=(-3.15, -2.95), velocity=(0.0, 0.0), angular=0.0
  awake[13] box: position=(-3.05, -2.95), velocity=(0.0, 0.0), angular=0.0
  awake[14] circle: position=(-2.95, -2.95), velocity=(0.0, 0.0), angular=0.0
  awake[15] box: position=(-2.8500001, -2.95), velocity=(0.0, 0.0), angular=0.0
  awake[16] circle: position=(-2.75, -2.95), velocity=(0.0, 0.0), angular=0.0
  awake[17] box: position=(-2.65, -2.95), velocity=(0.0, 0.0), angular=0.0
  awake[18] circle: position=(-2.55, -2.95), velocity=(0.0, 0.0), angular=0.0
  awake[19] box: position=(-2.45, -2.95), velocity=(0.0, 0.0), angular=0.0
  awake[20] circle: position=(-2.3500001, -2.95), velocity=(0.0, 0.0), angular=0.0
  awake[21] box: position=(-2.25, -2.95), velocity=(0.0, 0.0), angular=0.0
  awake[22] circle: position=(-2.15, -2.95), velocity=(0.0, 0.0), angular=0.0
  awake[23] box: position=(-2.05, -2.95), velocity=(0.0, 0.0), angular=0.0
  draw calls: 3
  pipeline binds: 3
  rendered instances: 3001
{"command": ["/private/tmp/falling-regression-20260920/candidate", "--stress-3000", "--smoke", "--immediate", "--no-panel", "--render-only", "--fixed-work", "--batch-1"], "cwd": "/Users/nekmata/Projects/SilexProject", "pid": 75681, "reason": "completed", "returncode": 0, "elapsed_seconds": 1.184, "sampled_peak_rss_kib": 104848, "sampled_peak_physical_footprint_kib": 295937, "sampled_peak_processes": 1, "limits": {"seconds": 90.0, "mib": 4096, "processes": 8, "polling_seconds": 0.1}}

=== render3000-3-before.log ===
State block: render3000-state.txt; SHA-256 bee69726ea4fbbab48351aaa414f59a06b8604d7078e55191ef99b2e8e0a05ad
FallingBody smoke: 3000 dynamic bodies (1500 circles, 1500 boxes)
  fixed-work frames: 120
  fixed-work measured steps: 0
  fixed-work total steps: 0
  average render FPS: 267.35474
  visual Hz: 0.0
  repeated render frames: 100.0 %
  physics Hz: 0.0
  physics capacity: 0.0 Hz
  cycle/step: 448.84186 ms
  worker/step: 0.0 ms
  resubmit gap/step: 448.84186 ms
  queue + poll/step: 0.0 ms
  spawn/step: 0.0 ms
  physics steps/frame: 0.0
  average physics/frame: 0.0 ms
  average transform transfer/batch: 0.0 ms
  maximum substeps: 0
  awake: 3000
  active pairs: 0
  physics step: 0.0 ms
  motion: 0.0 ms
  broad phase: 0.0 ms
  solve: 0.0 ms
  sleep: 0.0 ms
  maximum speed: 0.0 m/s
  maximum angular speed: 0.0 rad/s
  base maximum speed: 0.0 m/s
  base maximum angular speed: 0.0 rad/s
  floor layer maximum speed: 0.0 m/s
  floor layer maximum velocity: (0.0, 0.0) m/s
  minimum y: -2.95 m
  oldest 100 maximum speed: 0.0 m/s
  maximum circle overlap: 0.00009685755 mm (0.000009685755 px)
  worst circle overlap pair: 0 at (-4.35, -2.95), awake=true; 88 at (-4.35, -2.8500001), awake=true
  overlapping circle pairs above 0.5 mm: 0
  base awake below -2 m: 880 / 880
  awake by zone: left=722, center=1564, right=714
  right maximum speed: 0.0 m/s
  awake[0] circle: position=(-4.35, -2.95), velocity=(0.0, 0.0), angular=0.0
  awake[1] box: position=(-4.25, -2.95), velocity=(0.0, 0.0), angular=0.0
  awake[2] circle: position=(-4.15, -2.95), velocity=(0.0, 0.0), angular=0.0
  awake[3] box: position=(-4.05, -2.95), velocity=(0.0, 0.0), angular=0.0
  awake[4] circle: position=(-3.95, -2.95), velocity=(0.0, 0.0), angular=0.0
  awake[5] box: position=(-3.8500001, -2.95), velocity=(0.0, 0.0), angular=0.0
  awake[6] circle: position=(-3.75, -2.95), velocity=(0.0, 0.0), angular=0.0
  awake[7] box: position=(-3.65, -2.95), velocity=(0.0, 0.0), angular=0.0
  awake[8] circle: position=(-3.55, -2.95), velocity=(0.0, 0.0), angular=0.0
  awake[9] box: position=(-3.45, -2.95), velocity=(0.0, 0.0), angular=0.0
  awake[10] circle: position=(-3.3500001, -2.95), velocity=(0.0, 0.0), angular=0.0
  awake[11] box: position=(-3.25, -2.95), velocity=(0.0, 0.0), angular=0.0
  awake[12] circle: position=(-3.15, -2.95), velocity=(0.0, 0.0), angular=0.0
  awake[13] box: position=(-3.05, -2.95), velocity=(0.0, 0.0), angular=0.0
  awake[14] circle: position=(-2.95, -2.95), velocity=(0.0, 0.0), angular=0.0
  awake[15] box: position=(-2.8500001, -2.95), velocity=(0.0, 0.0), angular=0.0
  awake[16] circle: position=(-2.75, -2.95), velocity=(0.0, 0.0), angular=0.0
  awake[17] box: position=(-2.65, -2.95), velocity=(0.0, 0.0), angular=0.0
  awake[18] circle: position=(-2.55, -2.95), velocity=(0.0, 0.0), angular=0.0
  awake[19] box: position=(-2.45, -2.95), velocity=(0.0, 0.0), angular=0.0
  awake[20] circle: position=(-2.3500001, -2.95), velocity=(0.0, 0.0), angular=0.0
  awake[21] box: position=(-2.25, -2.95), velocity=(0.0, 0.0), angular=0.0
  awake[22] circle: position=(-2.15, -2.95), velocity=(0.0, 0.0), angular=0.0
  awake[23] box: position=(-2.05, -2.95), velocity=(0.0, 0.0), angular=0.0
  draw calls: 3
  pipeline binds: 3
  rendered instances: 3001
{"command": ["/private/tmp/falling-regression-20260920/before", "--stress-3000", "--smoke", "--immediate", "--no-panel", "--render-only", "--fixed-work", "--batch-1"], "cwd": "/Users/nekmata/Projects/SilexProject", "pid": 75694, "reason": "completed", "returncode": 0, "elapsed_seconds": 1.4, "sampled_peak_rss_kib": 105248, "sampled_peak_physical_footprint_kib": 296417, "sampled_peak_processes": 1, "limits": {"seconds": 90.0, "mib": 4096, "processes": 8, "polling_seconds": 0.1}}

=== render3000-4-before.log ===
State block: render3000-state.txt; SHA-256 bee69726ea4fbbab48351aaa414f59a06b8604d7078e55191ef99b2e8e0a05ad
FallingBody smoke: 3000 dynamic bodies (1500 circles, 1500 boxes)
  fixed-work frames: 120
  fixed-work measured steps: 0
  fixed-work total steps: 0
  average render FPS: 259.91296
  visual Hz: 0.0
  repeated render frames: 100.0 %
  physics Hz: 0.0
  physics capacity: 0.0 Hz
  cycle/step: 461.69302 ms
  worker/step: 0.0 ms
  resubmit gap/step: 461.69302 ms
  queue + poll/step: 0.0 ms
  spawn/step: 0.0 ms
  physics steps/frame: 0.0
  average physics/frame: 0.0 ms
  average transform transfer/batch: 0.0 ms
  maximum substeps: 0
  awake: 3000
  active pairs: 0
  physics step: 0.0 ms
  motion: 0.0 ms
  broad phase: 0.0 ms
  solve: 0.0 ms
  sleep: 0.0 ms
  maximum speed: 0.0 m/s
  maximum angular speed: 0.0 rad/s
  base maximum speed: 0.0 m/s
  base maximum angular speed: 0.0 rad/s
  floor layer maximum speed: 0.0 m/s
  floor layer maximum velocity: (0.0, 0.0) m/s
  minimum y: -2.95 m
  oldest 100 maximum speed: 0.0 m/s
  maximum circle overlap: 0.00009685755 mm (0.000009685755 px)
  worst circle overlap pair: 0 at (-4.35, -2.95), awake=true; 88 at (-4.35, -2.8500001), awake=true
  overlapping circle pairs above 0.5 mm: 0
  base awake below -2 m: 880 / 880
  awake by zone: left=722, center=1564, right=714
  right maximum speed: 0.0 m/s
  awake[0] circle: position=(-4.35, -2.95), velocity=(0.0, 0.0), angular=0.0
  awake[1] box: position=(-4.25, -2.95), velocity=(0.0, 0.0), angular=0.0
  awake[2] circle: position=(-4.15, -2.95), velocity=(0.0, 0.0), angular=0.0
  awake[3] box: position=(-4.05, -2.95), velocity=(0.0, 0.0), angular=0.0
  awake[4] circle: position=(-3.95, -2.95), velocity=(0.0, 0.0), angular=0.0
  awake[5] box: position=(-3.8500001, -2.95), velocity=(0.0, 0.0), angular=0.0
  awake[6] circle: position=(-3.75, -2.95), velocity=(0.0, 0.0), angular=0.0
  awake[7] box: position=(-3.65, -2.95), velocity=(0.0, 0.0), angular=0.0
  awake[8] circle: position=(-3.55, -2.95), velocity=(0.0, 0.0), angular=0.0
  awake[9] box: position=(-3.45, -2.95), velocity=(0.0, 0.0), angular=0.0
  awake[10] circle: position=(-3.3500001, -2.95), velocity=(0.0, 0.0), angular=0.0
  awake[11] box: position=(-3.25, -2.95), velocity=(0.0, 0.0), angular=0.0
  awake[12] circle: position=(-3.15, -2.95), velocity=(0.0, 0.0), angular=0.0
  awake[13] box: position=(-3.05, -2.95), velocity=(0.0, 0.0), angular=0.0
  awake[14] circle: position=(-2.95, -2.95), velocity=(0.0, 0.0), angular=0.0
  awake[15] box: position=(-2.8500001, -2.95), velocity=(0.0, 0.0), angular=0.0
  awake[16] circle: position=(-2.75, -2.95), velocity=(0.0, 0.0), angular=0.0
  awake[17] box: position=(-2.65, -2.95), velocity=(0.0, 0.0), angular=0.0
  awake[18] circle: position=(-2.55, -2.95), velocity=(0.0, 0.0), angular=0.0
  awake[19] box: position=(-2.45, -2.95), velocity=(0.0, 0.0), angular=0.0
  awake[20] circle: position=(-2.3500001, -2.95), velocity=(0.0, 0.0), angular=0.0
  awake[21] box: position=(-2.25, -2.95), velocity=(0.0, 0.0), angular=0.0
  awake[22] circle: position=(-2.15, -2.95), velocity=(0.0, 0.0), angular=0.0
  awake[23] box: position=(-2.05, -2.95), velocity=(0.0, 0.0), angular=0.0
  draw calls: 3
  pipeline binds: 3
  rendered instances: 3001
{"command": ["/private/tmp/falling-regression-20260920/before", "--stress-3000", "--smoke", "--immediate", "--no-panel", "--render-only", "--fixed-work", "--batch-1"], "cwd": "/Users/nekmata/Projects/SilexProject", "pid": 75709, "reason": "completed", "returncode": 0, "elapsed_seconds": 1.406, "sampled_peak_rss_kib": 105424, "sampled_peak_physical_footprint_kib": 296417, "sampled_peak_processes": 1, "limits": {"seconds": 90.0, "mib": 4096, "processes": 8, "polling_seconds": 0.1}}

=== render3000-4-candidate.log ===
State block: render3000-state.txt; SHA-256 bee69726ea4fbbab48351aaa414f59a06b8604d7078e55191ef99b2e8e0a05ad
FallingBody smoke: 3000 dynamic bodies (1500 circles, 1500 boxes)
  fixed-work frames: 120
  fixed-work measured steps: 0
  fixed-work total steps: 0
  average render FPS: 513.9472
  visual Hz: 0.0
  repeated render frames: 100.0 %
  physics Hz: 0.0
  physics capacity: 0.0 Hz
  cycle/step: 233.48701 ms
  worker/step: 0.0 ms
  resubmit gap/step: 233.48701 ms
  queue + poll/step: 0.0 ms
  spawn/step: 0.0 ms
  physics steps/frame: 0.0
  average physics/frame: 0.0 ms
  average transform transfer/batch: 0.0 ms
  maximum substeps: 0
  awake: 3000
  active pairs: 0
  physics step: 0.0 ms
  motion: 0.0 ms
  broad phase: 0.0 ms
  solve: 0.0 ms
  sleep: 0.0 ms
  maximum speed: 0.0 m/s
  maximum angular speed: 0.0 rad/s
  base maximum speed: 0.0 m/s
  base maximum angular speed: 0.0 rad/s
  floor layer maximum speed: 0.0 m/s
  floor layer maximum velocity: (0.0, 0.0) m/s
  minimum y: -2.95 m
  oldest 100 maximum speed: 0.0 m/s
  maximum circle overlap: 0.00009685755 mm (0.000009685755 px)
  worst circle overlap pair: 0 at (-4.35, -2.95), awake=true; 88 at (-4.35, -2.8500001), awake=true
  overlapping circle pairs above 0.5 mm: 0
  base awake below -2 m: 880 / 880
  awake by zone: left=722, center=1564, right=714
  right maximum speed: 0.0 m/s
  awake[0] circle: position=(-4.35, -2.95), velocity=(0.0, 0.0), angular=0.0
  awake[1] box: position=(-4.25, -2.95), velocity=(0.0, 0.0), angular=0.0
  awake[2] circle: position=(-4.15, -2.95), velocity=(0.0, 0.0), angular=0.0
  awake[3] box: position=(-4.05, -2.95), velocity=(0.0, 0.0), angular=0.0
  awake[4] circle: position=(-3.95, -2.95), velocity=(0.0, 0.0), angular=0.0
  awake[5] box: position=(-3.8500001, -2.95), velocity=(0.0, 0.0), angular=0.0
  awake[6] circle: position=(-3.75, -2.95), velocity=(0.0, 0.0), angular=0.0
  awake[7] box: position=(-3.65, -2.95), velocity=(0.0, 0.0), angular=0.0
  awake[8] circle: position=(-3.55, -2.95), velocity=(0.0, 0.0), angular=0.0
  awake[9] box: position=(-3.45, -2.95), velocity=(0.0, 0.0), angular=0.0
  awake[10] circle: position=(-3.3500001, -2.95), velocity=(0.0, 0.0), angular=0.0
  awake[11] box: position=(-3.25, -2.95), velocity=(0.0, 0.0), angular=0.0
  awake[12] circle: position=(-3.15, -2.95), velocity=(0.0, 0.0), angular=0.0
  awake[13] box: position=(-3.05, -2.95), velocity=(0.0, 0.0), angular=0.0
  awake[14] circle: position=(-2.95, -2.95), velocity=(0.0, 0.0), angular=0.0
  awake[15] box: position=(-2.8500001, -2.95), velocity=(0.0, 0.0), angular=0.0
  awake[16] circle: position=(-2.75, -2.95), velocity=(0.0, 0.0), angular=0.0
  awake[17] box: position=(-2.65, -2.95), velocity=(0.0, 0.0), angular=0.0
  awake[18] circle: position=(-2.55, -2.95), velocity=(0.0, 0.0), angular=0.0
  awake[19] box: position=(-2.45, -2.95), velocity=(0.0, 0.0), angular=0.0
  awake[20] circle: position=(-2.3500001, -2.95), velocity=(0.0, 0.0), angular=0.0
  awake[21] box: position=(-2.25, -2.95), velocity=(0.0, 0.0), angular=0.0
  awake[22] circle: position=(-2.15, -2.95), velocity=(0.0, 0.0), angular=0.0
  awake[23] box: position=(-2.05, -2.95), velocity=(0.0, 0.0), angular=0.0
  draw calls: 3
  pipeline binds: 3
  rendered instances: 3001
{"command": ["/private/tmp/falling-regression-20260920/candidate", "--stress-3000", "--smoke", "--immediate", "--no-panel", "--render-only", "--fixed-work", "--batch-1"], "cwd": "/Users/nekmata/Projects/SilexProject", "pid": 75724, "reason": "completed", "returncode": 0, "elapsed_seconds": 1.184, "sampled_peak_rss_kib": 104752, "sampled_peak_physical_footprint_kib": 295921, "sampled_peak_processes": 1, "limits": {"seconds": 90.0, "mib": 4096, "processes": 8, "polling_seconds": 0.1}}

=== render3000-5-candidate.log ===
State block: render3000-state.txt; SHA-256 bee69726ea4fbbab48351aaa414f59a06b8604d7078e55191ef99b2e8e0a05ad
FallingBody smoke: 3000 dynamic bodies (1500 circles, 1500 boxes)
  fixed-work frames: 120
  fixed-work measured steps: 0
  fixed-work total steps: 0
  average render FPS: 496.7667
  visual Hz: 0.0
  repeated render frames: 100.0 %
  physics Hz: 0.0
  physics capacity: 0.0 Hz
  cycle/step: 241.56209 ms
  worker/step: 0.0 ms
  resubmit gap/step: 241.56209 ms
  queue + poll/step: 0.0 ms
  spawn/step: 0.0 ms
  physics steps/frame: 0.0
  average physics/frame: 0.0 ms
  average transform transfer/batch: 0.0 ms
  maximum substeps: 0
  awake: 3000
  active pairs: 0
  physics step: 0.0 ms
  motion: 0.0 ms
  broad phase: 0.0 ms
  solve: 0.0 ms
  sleep: 0.0 ms
  maximum speed: 0.0 m/s
  maximum angular speed: 0.0 rad/s
  base maximum speed: 0.0 m/s
  base maximum angular speed: 0.0 rad/s
  floor layer maximum speed: 0.0 m/s
  floor layer maximum velocity: (0.0, 0.0) m/s
  minimum y: -2.95 m
  oldest 100 maximum speed: 0.0 m/s
  maximum circle overlap: 0.00009685755 mm (0.000009685755 px)
  worst circle overlap pair: 0 at (-4.35, -2.95), awake=true; 88 at (-4.35, -2.8500001), awake=true
  overlapping circle pairs above 0.5 mm: 0
  base awake below -2 m: 880 / 880
  awake by zone: left=722, center=1564, right=714
  right maximum speed: 0.0 m/s
  awake[0] circle: position=(-4.35, -2.95), velocity=(0.0, 0.0), angular=0.0
  awake[1] box: position=(-4.25, -2.95), velocity=(0.0, 0.0), angular=0.0
  awake[2] circle: position=(-4.15, -2.95), velocity=(0.0, 0.0), angular=0.0
  awake[3] box: position=(-4.05, -2.95), velocity=(0.0, 0.0), angular=0.0
  awake[4] circle: position=(-3.95, -2.95), velocity=(0.0, 0.0), angular=0.0
  awake[5] box: position=(-3.8500001, -2.95), velocity=(0.0, 0.0), angular=0.0
  awake[6] circle: position=(-3.75, -2.95), velocity=(0.0, 0.0), angular=0.0
  awake[7] box: position=(-3.65, -2.95), velocity=(0.0, 0.0), angular=0.0
  awake[8] circle: position=(-3.55, -2.95), velocity=(0.0, 0.0), angular=0.0
  awake[9] box: position=(-3.45, -2.95), velocity=(0.0, 0.0), angular=0.0
  awake[10] circle: position=(-3.3500001, -2.95), velocity=(0.0, 0.0), angular=0.0
  awake[11] box: position=(-3.25, -2.95), velocity=(0.0, 0.0), angular=0.0
  awake[12] circle: position=(-3.15, -2.95), velocity=(0.0, 0.0), angular=0.0
  awake[13] box: position=(-3.05, -2.95), velocity=(0.0, 0.0), angular=0.0
  awake[14] circle: position=(-2.95, -2.95), velocity=(0.0, 0.0), angular=0.0
  awake[15] box: position=(-2.8500001, -2.95), velocity=(0.0, 0.0), angular=0.0
  awake[16] circle: position=(-2.75, -2.95), velocity=(0.0, 0.0), angular=0.0
  awake[17] box: position=(-2.65, -2.95), velocity=(0.0, 0.0), angular=0.0
  awake[18] circle: position=(-2.55, -2.95), velocity=(0.0, 0.0), angular=0.0
  awake[19] box: position=(-2.45, -2.95), velocity=(0.0, 0.0), angular=0.0
  awake[20] circle: position=(-2.3500001, -2.95), velocity=(0.0, 0.0), angular=0.0
  awake[21] box: position=(-2.25, -2.95), velocity=(0.0, 0.0), angular=0.0
  awake[22] circle: position=(-2.15, -2.95), velocity=(0.0, 0.0), angular=0.0
  awake[23] box: position=(-2.05, -2.95), velocity=(0.0, 0.0), angular=0.0
  draw calls: 3
  pipeline binds: 3
  rendered instances: 3001
{"command": ["/private/tmp/falling-regression-20260920/candidate", "--stress-3000", "--smoke", "--immediate", "--no-panel", "--render-only", "--fixed-work", "--batch-1"], "cwd": "/Users/nekmata/Projects/SilexProject", "pid": 75737, "reason": "completed", "returncode": 0, "elapsed_seconds": 1.189, "sampled_peak_rss_kib": 104976, "sampled_peak_physical_footprint_kib": 295969, "sampled_peak_processes": 1, "limits": {"seconds": 90.0, "mib": 4096, "processes": 8, "polling_seconds": 0.1}}

=== render3000-5-before.log ===
State block: render3000-state.txt; SHA-256 bee69726ea4fbbab48351aaa414f59a06b8604d7078e55191ef99b2e8e0a05ad
FallingBody smoke: 3000 dynamic bodies (1500 circles, 1500 boxes)
  fixed-work frames: 120
  fixed-work measured steps: 0
  fixed-work total steps: 0
  average render FPS: 259.72958
  visual Hz: 0.0
  repeated render frames: 100.0 %
  physics Hz: 0.0
  physics capacity: 0.0 Hz
  cycle/step: 462.01898 ms
  worker/step: 0.0 ms
  resubmit gap/step: 462.01898 ms
  queue + poll/step: 0.0 ms
  spawn/step: 0.0 ms
  physics steps/frame: 0.0
  average physics/frame: 0.0 ms
  average transform transfer/batch: 0.0 ms
  maximum substeps: 0
  awake: 3000
  active pairs: 0
  physics step: 0.0 ms
  motion: 0.0 ms
  broad phase: 0.0 ms
  solve: 0.0 ms
  sleep: 0.0 ms
  maximum speed: 0.0 m/s
  maximum angular speed: 0.0 rad/s
  base maximum speed: 0.0 m/s
  base maximum angular speed: 0.0 rad/s
  floor layer maximum speed: 0.0 m/s
  floor layer maximum velocity: (0.0, 0.0) m/s
  minimum y: -2.95 m
  oldest 100 maximum speed: 0.0 m/s
  maximum circle overlap: 0.00009685755 mm (0.000009685755 px)
  worst circle overlap pair: 0 at (-4.35, -2.95), awake=true; 88 at (-4.35, -2.8500001), awake=true
  overlapping circle pairs above 0.5 mm: 0
  base awake below -2 m: 880 / 880
  awake by zone: left=722, center=1564, right=714
  right maximum speed: 0.0 m/s
  awake[0] circle: position=(-4.35, -2.95), velocity=(0.0, 0.0), angular=0.0
  awake[1] box: position=(-4.25, -2.95), velocity=(0.0, 0.0), angular=0.0
  awake[2] circle: position=(-4.15, -2.95), velocity=(0.0, 0.0), angular=0.0
  awake[3] box: position=(-4.05, -2.95), velocity=(0.0, 0.0), angular=0.0
  awake[4] circle: position=(-3.95, -2.95), velocity=(0.0, 0.0), angular=0.0
  awake[5] box: position=(-3.8500001, -2.95), velocity=(0.0, 0.0), angular=0.0
  awake[6] circle: position=(-3.75, -2.95), velocity=(0.0, 0.0), angular=0.0
  awake[7] box: position=(-3.65, -2.95), velocity=(0.0, 0.0), angular=0.0
  awake[8] circle: position=(-3.55, -2.95), velocity=(0.0, 0.0), angular=0.0
  awake[9] box: position=(-3.45, -2.95), velocity=(0.0, 0.0), angular=0.0
  awake[10] circle: position=(-3.3500001, -2.95), velocity=(0.0, 0.0), angular=0.0
  awake[11] box: position=(-3.25, -2.95), velocity=(0.0, 0.0), angular=0.0
  awake[12] circle: position=(-3.15, -2.95), velocity=(0.0, 0.0), angular=0.0
  awake[13] box: position=(-3.05, -2.95), velocity=(0.0, 0.0), angular=0.0
  awake[14] circle: position=(-2.95, -2.95), velocity=(0.0, 0.0), angular=0.0
  awake[15] box: position=(-2.8500001, -2.95), velocity=(0.0, 0.0), angular=0.0
  awake[16] circle: position=(-2.75, -2.95), velocity=(0.0, 0.0), angular=0.0
  awake[17] box: position=(-2.65, -2.95), velocity=(0.0, 0.0), angular=0.0
  awake[18] circle: position=(-2.55, -2.95), velocity=(0.0, 0.0), angular=0.0
  awake[19] box: position=(-2.45, -2.95), velocity=(0.0, 0.0), angular=0.0
  awake[20] circle: position=(-2.3500001, -2.95), velocity=(0.0, 0.0), angular=0.0
  awake[21] box: position=(-2.25, -2.95), velocity=(0.0, 0.0), angular=0.0
  awake[22] circle: position=(-2.15, -2.95), velocity=(0.0, 0.0), angular=0.0
  awake[23] box: position=(-2.05, -2.95), velocity=(0.0, 0.0), angular=0.0
  draw calls: 3
  pipeline binds: 3
  rendered instances: 3001
{"command": ["/private/tmp/falling-regression-20260920/before", "--stress-3000", "--smoke", "--immediate", "--no-panel", "--render-only", "--fixed-work", "--batch-1"], "cwd": "/Users/nekmata/Projects/SilexProject", "pid": 75750, "reason": "completed", "returncode": 0, "elapsed_seconds": 1.52, "sampled_peak_rss_kib": 105248, "sampled_peak_physical_footprint_kib": 296417, "sampled_peak_processes": 1, "limits": {"seconds": 90.0, "mib": 4096, "processes": 8, "polling_seconds": 0.1}}

=== render3000-6-before.log ===
State block: render3000-state.txt; SHA-256 bee69726ea4fbbab48351aaa414f59a06b8604d7078e55191ef99b2e8e0a05ad
FallingBody smoke: 3000 dynamic bodies (1500 circles, 1500 boxes)
  fixed-work frames: 120
  fixed-work measured steps: 0
  fixed-work total steps: 0
  average render FPS: 267.87567
  visual Hz: 0.0
  repeated render frames: 100.0 %
  physics Hz: 0.0
  physics capacity: 0.0 Hz
  cycle/step: 447.969 ms
  worker/step: 0.0 ms
  resubmit gap/step: 447.969 ms
  queue + poll/step: 0.0 ms
  spawn/step: 0.0 ms
  physics steps/frame: 0.0
  average physics/frame: 0.0 ms
  average transform transfer/batch: 0.0 ms
  maximum substeps: 0
  awake: 3000
  active pairs: 0
  physics step: 0.0 ms
  motion: 0.0 ms
  broad phase: 0.0 ms
  solve: 0.0 ms
  sleep: 0.0 ms
  maximum speed: 0.0 m/s
  maximum angular speed: 0.0 rad/s
  base maximum speed: 0.0 m/s
  base maximum angular speed: 0.0 rad/s
  floor layer maximum speed: 0.0 m/s
  floor layer maximum velocity: (0.0, 0.0) m/s
  minimum y: -2.95 m
  oldest 100 maximum speed: 0.0 m/s
  maximum circle overlap: 0.00009685755 mm (0.000009685755 px)
  worst circle overlap pair: 0 at (-4.35, -2.95), awake=true; 88 at (-4.35, -2.8500001), awake=true
  overlapping circle pairs above 0.5 mm: 0
  base awake below -2 m: 880 / 880
  awake by zone: left=722, center=1564, right=714
  right maximum speed: 0.0 m/s
  awake[0] circle: position=(-4.35, -2.95), velocity=(0.0, 0.0), angular=0.0
  awake[1] box: position=(-4.25, -2.95), velocity=(0.0, 0.0), angular=0.0
  awake[2] circle: position=(-4.15, -2.95), velocity=(0.0, 0.0), angular=0.0
  awake[3] box: position=(-4.05, -2.95), velocity=(0.0, 0.0), angular=0.0
  awake[4] circle: position=(-3.95, -2.95), velocity=(0.0, 0.0), angular=0.0
  awake[5] box: position=(-3.8500001, -2.95), velocity=(0.0, 0.0), angular=0.0
  awake[6] circle: position=(-3.75, -2.95), velocity=(0.0, 0.0), angular=0.0
  awake[7] box: position=(-3.65, -2.95), velocity=(0.0, 0.0), angular=0.0
  awake[8] circle: position=(-3.55, -2.95), velocity=(0.0, 0.0), angular=0.0
  awake[9] box: position=(-3.45, -2.95), velocity=(0.0, 0.0), angular=0.0
  awake[10] circle: position=(-3.3500001, -2.95), velocity=(0.0, 0.0), angular=0.0
  awake[11] box: position=(-3.25, -2.95), velocity=(0.0, 0.0), angular=0.0
  awake[12] circle: position=(-3.15, -2.95), velocity=(0.0, 0.0), angular=0.0
  awake[13] box: position=(-3.05, -2.95), velocity=(0.0, 0.0), angular=0.0
  awake[14] circle: position=(-2.95, -2.95), velocity=(0.0, 0.0), angular=0.0
  awake[15] box: position=(-2.8500001, -2.95), velocity=(0.0, 0.0), angular=0.0
  awake[16] circle: position=(-2.75, -2.95), velocity=(0.0, 0.0), angular=0.0
  awake[17] box: position=(-2.65, -2.95), velocity=(0.0, 0.0), angular=0.0
  awake[18] circle: position=(-2.55, -2.95), velocity=(0.0, 0.0), angular=0.0
  awake[19] box: position=(-2.45, -2.95), velocity=(0.0, 0.0), angular=0.0
  awake[20] circle: position=(-2.3500001, -2.95), velocity=(0.0, 0.0), angular=0.0
  awake[21] box: position=(-2.25, -2.95), velocity=(0.0, 0.0), angular=0.0
  awake[22] circle: position=(-2.15, -2.95), velocity=(0.0, 0.0), angular=0.0
  awake[23] box: position=(-2.05, -2.95), velocity=(0.0, 0.0), angular=0.0
  draw calls: 3
  pipeline binds: 3
  rendered instances: 3001
{"command": ["/private/tmp/falling-regression-20260920/before", "--stress-3000", "--smoke", "--immediate", "--no-panel", "--render-only", "--fixed-work", "--batch-1"], "cwd": "/Users/nekmata/Projects/SilexProject", "pid": 75770, "reason": "completed", "returncode": 0, "elapsed_seconds": 1.4, "sampled_peak_rss_kib": 105056, "sampled_peak_physical_footprint_kib": 296209, "sampled_peak_processes": 1, "limits": {"seconds": 90.0, "mib": 4096, "processes": 8, "polling_seconds": 0.1}}

=== render3000-6-candidate.log ===
State block: render3000-state.txt; SHA-256 bee69726ea4fbbab48351aaa414f59a06b8604d7078e55191ef99b2e8e0a05ad
FallingBody smoke: 3000 dynamic bodies (1500 circles, 1500 boxes)
  fixed-work frames: 120
  fixed-work measured steps: 0
  fixed-work total steps: 0
  average render FPS: 534.7021
  visual Hz: 0.0
  repeated render frames: 100.0 %
  physics Hz: 0.0
  physics capacity: 0.0 Hz
  cycle/step: 224.42404 ms
  worker/step: 0.0 ms
  resubmit gap/step: 224.42404 ms
  queue + poll/step: 0.0 ms
  spawn/step: 0.0 ms
  physics steps/frame: 0.0
  average physics/frame: 0.0 ms
  average transform transfer/batch: 0.0 ms
  maximum substeps: 0
  awake: 3000
  active pairs: 0
  physics step: 0.0 ms
  motion: 0.0 ms
  broad phase: 0.0 ms
  solve: 0.0 ms
  sleep: 0.0 ms
  maximum speed: 0.0 m/s
  maximum angular speed: 0.0 rad/s
  base maximum speed: 0.0 m/s
  base maximum angular speed: 0.0 rad/s
  floor layer maximum speed: 0.0 m/s
  floor layer maximum velocity: (0.0, 0.0) m/s
  minimum y: -2.95 m
  oldest 100 maximum speed: 0.0 m/s
  maximum circle overlap: 0.00009685755 mm (0.000009685755 px)
  worst circle overlap pair: 0 at (-4.35, -2.95), awake=true; 88 at (-4.35, -2.8500001), awake=true
  overlapping circle pairs above 0.5 mm: 0
  base awake below -2 m: 880 / 880
  awake by zone: left=722, center=1564, right=714
  right maximum speed: 0.0 m/s
  awake[0] circle: position=(-4.35, -2.95), velocity=(0.0, 0.0), angular=0.0
  awake[1] box: position=(-4.25, -2.95), velocity=(0.0, 0.0), angular=0.0
  awake[2] circle: position=(-4.15, -2.95), velocity=(0.0, 0.0), angular=0.0
  awake[3] box: position=(-4.05, -2.95), velocity=(0.0, 0.0), angular=0.0
  awake[4] circle: position=(-3.95, -2.95), velocity=(0.0, 0.0), angular=0.0
  awake[5] box: position=(-3.8500001, -2.95), velocity=(0.0, 0.0), angular=0.0
  awake[6] circle: position=(-3.75, -2.95), velocity=(0.0, 0.0), angular=0.0
  awake[7] box: position=(-3.65, -2.95), velocity=(0.0, 0.0), angular=0.0
  awake[8] circle: position=(-3.55, -2.95), velocity=(0.0, 0.0), angular=0.0
  awake[9] box: position=(-3.45, -2.95), velocity=(0.0, 0.0), angular=0.0
  awake[10] circle: position=(-3.3500001, -2.95), velocity=(0.0, 0.0), angular=0.0
  awake[11] box: position=(-3.25, -2.95), velocity=(0.0, 0.0), angular=0.0
  awake[12] circle: position=(-3.15, -2.95), velocity=(0.0, 0.0), angular=0.0
  awake[13] box: position=(-3.05, -2.95), velocity=(0.0, 0.0), angular=0.0
  awake[14] circle: position=(-2.95, -2.95), velocity=(0.0, 0.0), angular=0.0
  awake[15] box: position=(-2.8500001, -2.95), velocity=(0.0, 0.0), angular=0.0
  awake[16] circle: position=(-2.75, -2.95), velocity=(0.0, 0.0), angular=0.0
  awake[17] box: position=(-2.65, -2.95), velocity=(0.0, 0.0), angular=0.0
  awake[18] circle: position=(-2.55, -2.95), velocity=(0.0, 0.0), angular=0.0
  awake[19] box: position=(-2.45, -2.95), velocity=(0.0, 0.0), angular=0.0
  awake[20] circle: position=(-2.3500001, -2.95), velocity=(0.0, 0.0), angular=0.0
  awake[21] box: position=(-2.25, -2.95), velocity=(0.0, 0.0), angular=0.0
  awake[22] circle: position=(-2.15, -2.95), velocity=(0.0, 0.0), angular=0.0
  awake[23] box: position=(-2.05, -2.95), velocity=(0.0, 0.0), angular=0.0
  draw calls: 3
  pipeline binds: 3
  rendered instances: 3001
{"command": ["/private/tmp/falling-regression-20260920/candidate", "--stress-3000", "--smoke", "--immediate", "--no-panel", "--render-only", "--fixed-work", "--batch-1"], "cwd": "/Users/nekmata/Projects/SilexProject", "pid": 75785, "reason": "completed", "returncode": 0, "elapsed_seconds": 1.209, "sampled_peak_rss_kib": 104816, "sampled_peak_physical_footprint_kib": 295985, "sampled_peak_processes": 1, "limits": {"seconds": 90.0, "mib": 4096, "processes": 8, "polling_seconds": 0.1}}

=== render3000-7-candidate.log ===
State block: render3000-state.txt; SHA-256 bee69726ea4fbbab48351aaa414f59a06b8604d7078e55191ef99b2e8e0a05ad
FallingBody smoke: 3000 dynamic bodies (1500 circles, 1500 boxes)
  fixed-work frames: 120
  fixed-work measured steps: 0
  fixed-work total steps: 0
  average render FPS: 492.42902
  visual Hz: 0.0
  repeated render frames: 100.0 %
  physics Hz: 0.0
  physics capacity: 0.0 Hz
  cycle/step: 243.68994 ms
  worker/step: 0.0 ms
  resubmit gap/step: 243.68994 ms
  queue + poll/step: 0.0 ms
  spawn/step: 0.0 ms
  physics steps/frame: 0.0
  average physics/frame: 0.0 ms
  average transform transfer/batch: 0.0 ms
  maximum substeps: 0
  awake: 3000
  active pairs: 0
  physics step: 0.0 ms
  motion: 0.0 ms
  broad phase: 0.0 ms
  solve: 0.0 ms
  sleep: 0.0 ms
  maximum speed: 0.0 m/s
  maximum angular speed: 0.0 rad/s
  base maximum speed: 0.0 m/s
  base maximum angular speed: 0.0 rad/s
  floor layer maximum speed: 0.0 m/s
  floor layer maximum velocity: (0.0, 0.0) m/s
  minimum y: -2.95 m
  oldest 100 maximum speed: 0.0 m/s
  maximum circle overlap: 0.00009685755 mm (0.000009685755 px)
  worst circle overlap pair: 0 at (-4.35, -2.95), awake=true; 88 at (-4.35, -2.8500001), awake=true
  overlapping circle pairs above 0.5 mm: 0
  base awake below -2 m: 880 / 880
  awake by zone: left=722, center=1564, right=714
  right maximum speed: 0.0 m/s
  awake[0] circle: position=(-4.35, -2.95), velocity=(0.0, 0.0), angular=0.0
  awake[1] box: position=(-4.25, -2.95), velocity=(0.0, 0.0), angular=0.0
  awake[2] circle: position=(-4.15, -2.95), velocity=(0.0, 0.0), angular=0.0
  awake[3] box: position=(-4.05, -2.95), velocity=(0.0, 0.0), angular=0.0
  awake[4] circle: position=(-3.95, -2.95), velocity=(0.0, 0.0), angular=0.0
  awake[5] box: position=(-3.8500001, -2.95), velocity=(0.0, 0.0), angular=0.0
  awake[6] circle: position=(-3.75, -2.95), velocity=(0.0, 0.0), angular=0.0
  awake[7] box: position=(-3.65, -2.95), velocity=(0.0, 0.0), angular=0.0
  awake[8] circle: position=(-3.55, -2.95), velocity=(0.0, 0.0), angular=0.0
  awake[9] box: position=(-3.45, -2.95), velocity=(0.0, 0.0), angular=0.0
  awake[10] circle: position=(-3.3500001, -2.95), velocity=(0.0, 0.0), angular=0.0
  awake[11] box: position=(-3.25, -2.95), velocity=(0.0, 0.0), angular=0.0
  awake[12] circle: position=(-3.15, -2.95), velocity=(0.0, 0.0), angular=0.0
  awake[13] box: position=(-3.05, -2.95), velocity=(0.0, 0.0), angular=0.0
  awake[14] circle: position=(-2.95, -2.95), velocity=(0.0, 0.0), angular=0.0
  awake[15] box: position=(-2.8500001, -2.95), velocity=(0.0, 0.0), angular=0.0
  awake[16] circle: position=(-2.75, -2.95), velocity=(0.0, 0.0), angular=0.0
  awake[17] box: position=(-2.65, -2.95), velocity=(0.0, 0.0), angular=0.0
  awake[18] circle: position=(-2.55, -2.95), velocity=(0.0, 0.0), angular=0.0
  awake[19] box: position=(-2.45, -2.95), velocity=(0.0, 0.0), angular=0.0
  awake[20] circle: position=(-2.3500001, -2.95), velocity=(0.0, 0.0), angular=0.0
  awake[21] box: position=(-2.25, -2.95), velocity=(0.0, 0.0), angular=0.0
  awake[22] circle: position=(-2.15, -2.95), velocity=(0.0, 0.0), angular=0.0
  awake[23] box: position=(-2.05, -2.95), velocity=(0.0, 0.0), angular=0.0
  draw calls: 3
  pipeline binds: 3
  rendered instances: 3001
{"command": ["/private/tmp/falling-regression-20260920/candidate", "--stress-3000", "--smoke", "--immediate", "--no-panel", "--render-only", "--fixed-work", "--batch-1"], "cwd": "/Users/nekmata/Projects/SilexProject", "pid": 75798, "reason": "completed", "returncode": 0, "elapsed_seconds": 1.31, "sampled_peak_rss_kib": 104928, "sampled_peak_physical_footprint_kib": 295953, "sampled_peak_processes": 1, "limits": {"seconds": 90.0, "mib": 4096, "processes": 8, "polling_seconds": 0.1}}

=== render3000-7-before.log ===
State block: render3000-state.txt; SHA-256 bee69726ea4fbbab48351aaa414f59a06b8604d7078e55191ef99b2e8e0a05ad
FallingBody smoke: 3000 dynamic bodies (1500 circles, 1500 boxes)
  fixed-work frames: 120
  fixed-work measured steps: 0
  fixed-work total steps: 0
  average render FPS: 261.88583
  visual Hz: 0.0
  repeated render frames: 100.0 %
  physics Hz: 0.0
  physics capacity: 0.0 Hz
  cycle/step: 458.2149 ms
  worker/step: 0.0 ms
  resubmit gap/step: 458.2149 ms
  queue + poll/step: 0.0 ms
  spawn/step: 0.0 ms
  physics steps/frame: 0.0
  average physics/frame: 0.0 ms
  average transform transfer/batch: 0.0 ms
  maximum substeps: 0
  awake: 3000
  active pairs: 0
  physics step: 0.0 ms
  motion: 0.0 ms
  broad phase: 0.0 ms
  solve: 0.0 ms
  sleep: 0.0 ms
  maximum speed: 0.0 m/s
  maximum angular speed: 0.0 rad/s
  base maximum speed: 0.0 m/s
  base maximum angular speed: 0.0 rad/s
  floor layer maximum speed: 0.0 m/s
  floor layer maximum velocity: (0.0, 0.0) m/s
  minimum y: -2.95 m
  oldest 100 maximum speed: 0.0 m/s
  maximum circle overlap: 0.00009685755 mm (0.000009685755 px)
  worst circle overlap pair: 0 at (-4.35, -2.95), awake=true; 88 at (-4.35, -2.8500001), awake=true
  overlapping circle pairs above 0.5 mm: 0
  base awake below -2 m: 880 / 880
  awake by zone: left=722, center=1564, right=714
  right maximum speed: 0.0 m/s
  awake[0] circle: position=(-4.35, -2.95), velocity=(0.0, 0.0), angular=0.0
  awake[1] box: position=(-4.25, -2.95), velocity=(0.0, 0.0), angular=0.0
  awake[2] circle: position=(-4.15, -2.95), velocity=(0.0, 0.0), angular=0.0
  awake[3] box: position=(-4.05, -2.95), velocity=(0.0, 0.0), angular=0.0
  awake[4] circle: position=(-3.95, -2.95), velocity=(0.0, 0.0), angular=0.0
  awake[5] box: position=(-3.8500001, -2.95), velocity=(0.0, 0.0), angular=0.0
  awake[6] circle: position=(-3.75, -2.95), velocity=(0.0, 0.0), angular=0.0
  awake[7] box: position=(-3.65, -2.95), velocity=(0.0, 0.0), angular=0.0
  awake[8] circle: position=(-3.55, -2.95), velocity=(0.0, 0.0), angular=0.0
  awake[9] box: position=(-3.45, -2.95), velocity=(0.0, 0.0), angular=0.0
  awake[10] circle: position=(-3.3500001, -2.95), velocity=(0.0, 0.0), angular=0.0
  awake[11] box: position=(-3.25, -2.95), velocity=(0.0, 0.0), angular=0.0
  awake[12] circle: position=(-3.15, -2.95), velocity=(0.0, 0.0), angular=0.0
  awake[13] box: position=(-3.05, -2.95), velocity=(0.0, 0.0), angular=0.0
  awake[14] circle: position=(-2.95, -2.95), velocity=(0.0, 0.0), angular=0.0
  awake[15] box: position=(-2.8500001, -2.95), velocity=(0.0, 0.0), angular=0.0
  awake[16] circle: position=(-2.75, -2.95), velocity=(0.0, 0.0), angular=0.0
  awake[17] box: position=(-2.65, -2.95), velocity=(0.0, 0.0), angular=0.0
  awake[18] circle: position=(-2.55, -2.95), velocity=(0.0, 0.0), angular=0.0
  awake[19] box: position=(-2.45, -2.95), velocity=(0.0, 0.0), angular=0.0
  awake[20] circle: position=(-2.3500001, -2.95), velocity=(0.0, 0.0), angular=0.0
  awake[21] box: position=(-2.25, -2.95), velocity=(0.0, 0.0), angular=0.0
  awake[22] circle: position=(-2.15, -2.95), velocity=(0.0, 0.0), angular=0.0
  awake[23] box: position=(-2.05, -2.95), velocity=(0.0, 0.0), angular=0.0
  draw calls: 3
  pipeline binds: 3
  rendered instances: 3001
{"command": ["/private/tmp/falling-regression-20260920/before", "--stress-3000", "--smoke", "--immediate", "--no-panel", "--render-only", "--fixed-work", "--batch-1"], "cwd": "/Users/nekmata/Projects/SilexProject", "pid": 75812, "reason": "completed", "returncode": 0, "elapsed_seconds": 1.501, "sampled_peak_rss_kib": 105456, "sampled_peak_physical_footprint_kib": 296561, "sampled_peak_processes": 1, "limits": {"seconds": 90.0, "mib": 4096, "processes": 8, "polling_seconds": 0.1}}

=== render3000-8-before.log ===
State block: render3000-state.txt; SHA-256 bee69726ea4fbbab48351aaa414f59a06b8604d7078e55191ef99b2e8e0a05ad
FallingBody smoke: 3000 dynamic bodies (1500 circles, 1500 boxes)
  fixed-work frames: 120
  fixed-work measured steps: 0
  fixed-work total steps: 0
  average render FPS: 267.23618
  visual Hz: 0.0
  repeated render frames: 100.0 %
  physics Hz: 0.0
  physics capacity: 0.0 Hz
  cycle/step: 449.041 ms
  worker/step: 0.0 ms
  resubmit gap/step: 449.041 ms
  queue + poll/step: 0.0 ms
  spawn/step: 0.0 ms
  physics steps/frame: 0.0
  average physics/frame: 0.0 ms
  average transform transfer/batch: 0.0 ms
  maximum substeps: 0
  awake: 3000
  active pairs: 0
  physics step: 0.0 ms
  motion: 0.0 ms
  broad phase: 0.0 ms
  solve: 0.0 ms
  sleep: 0.0 ms
  maximum speed: 0.0 m/s
  maximum angular speed: 0.0 rad/s
  base maximum speed: 0.0 m/s
  base maximum angular speed: 0.0 rad/s
  floor layer maximum speed: 0.0 m/s
  floor layer maximum velocity: (0.0, 0.0) m/s
  minimum y: -2.95 m
  oldest 100 maximum speed: 0.0 m/s
  maximum circle overlap: 0.00009685755 mm (0.000009685755 px)
  worst circle overlap pair: 0 at (-4.35, -2.95), awake=true; 88 at (-4.35, -2.8500001), awake=true
  overlapping circle pairs above 0.5 mm: 0
  base awake below -2 m: 880 / 880
  awake by zone: left=722, center=1564, right=714
  right maximum speed: 0.0 m/s
  awake[0] circle: position=(-4.35, -2.95), velocity=(0.0, 0.0), angular=0.0
  awake[1] box: position=(-4.25, -2.95), velocity=(0.0, 0.0), angular=0.0
  awake[2] circle: position=(-4.15, -2.95), velocity=(0.0, 0.0), angular=0.0
  awake[3] box: position=(-4.05, -2.95), velocity=(0.0, 0.0), angular=0.0
  awake[4] circle: position=(-3.95, -2.95), velocity=(0.0, 0.0), angular=0.0
  awake[5] box: position=(-3.8500001, -2.95), velocity=(0.0, 0.0), angular=0.0
  awake[6] circle: position=(-3.75, -2.95), velocity=(0.0, 0.0), angular=0.0
  awake[7] box: position=(-3.65, -2.95), velocity=(0.0, 0.0), angular=0.0
  awake[8] circle: position=(-3.55, -2.95), velocity=(0.0, 0.0), angular=0.0
  awake[9] box: position=(-3.45, -2.95), velocity=(0.0, 0.0), angular=0.0
  awake[10] circle: position=(-3.3500001, -2.95), velocity=(0.0, 0.0), angular=0.0
  awake[11] box: position=(-3.25, -2.95), velocity=(0.0, 0.0), angular=0.0
  awake[12] circle: position=(-3.15, -2.95), velocity=(0.0, 0.0), angular=0.0
  awake[13] box: position=(-3.05, -2.95), velocity=(0.0, 0.0), angular=0.0
  awake[14] circle: position=(-2.95, -2.95), velocity=(0.0, 0.0), angular=0.0
  awake[15] box: position=(-2.8500001, -2.95), velocity=(0.0, 0.0), angular=0.0
  awake[16] circle: position=(-2.75, -2.95), velocity=(0.0, 0.0), angular=0.0
  awake[17] box: position=(-2.65, -2.95), velocity=(0.0, 0.0), angular=0.0
  awake[18] circle: position=(-2.55, -2.95), velocity=(0.0, 0.0), angular=0.0
  awake[19] box: position=(-2.45, -2.95), velocity=(0.0, 0.0), angular=0.0
  awake[20] circle: position=(-2.3500001, -2.95), velocity=(0.0, 0.0), angular=0.0
  awake[21] box: position=(-2.25, -2.95), velocity=(0.0, 0.0), angular=0.0
  awake[22] circle: position=(-2.15, -2.95), velocity=(0.0, 0.0), angular=0.0
  awake[23] box: position=(-2.05, -2.95), velocity=(0.0, 0.0), angular=0.0
  draw calls: 3
  pipeline binds: 3
  rendered instances: 3001
{"command": ["/private/tmp/falling-regression-20260920/before", "--stress-3000", "--smoke", "--immediate", "--no-panel", "--render-only", "--fixed-work", "--batch-1"], "cwd": "/Users/nekmata/Projects/SilexProject", "pid": 75828, "reason": "completed", "returncode": 0, "elapsed_seconds": 1.395, "sampled_peak_rss_kib": 105216, "sampled_peak_physical_footprint_kib": 296385, "sampled_peak_processes": 1, "limits": {"seconds": 90.0, "mib": 4096, "processes": 8, "polling_seconds": 0.1}}

=== render3000-8-candidate.log ===
State block: render3000-state.txt; SHA-256 bee69726ea4fbbab48351aaa414f59a06b8604d7078e55191ef99b2e8e0a05ad
FallingBody smoke: 3000 dynamic bodies (1500 circles, 1500 boxes)
  fixed-work frames: 120
  fixed-work measured steps: 0
  fixed-work total steps: 0
  average render FPS: 551.8867
  visual Hz: 0.0
  repeated render frames: 100.0 %
  physics Hz: 0.0
  physics capacity: 0.0 Hz
  cycle/step: 217.43593 ms
  worker/step: 0.0 ms
  resubmit gap/step: 217.43593 ms
  queue + poll/step: 0.0 ms
  spawn/step: 0.0 ms
  physics steps/frame: 0.0
  average physics/frame: 0.0 ms
  average transform transfer/batch: 0.0 ms
  maximum substeps: 0
  awake: 3000
  active pairs: 0
  physics step: 0.0 ms
  motion: 0.0 ms
  broad phase: 0.0 ms
  solve: 0.0 ms
  sleep: 0.0 ms
  maximum speed: 0.0 m/s
  maximum angular speed: 0.0 rad/s
  base maximum speed: 0.0 m/s
  base maximum angular speed: 0.0 rad/s
  floor layer maximum speed: 0.0 m/s
  floor layer maximum velocity: (0.0, 0.0) m/s
  minimum y: -2.95 m
  oldest 100 maximum speed: 0.0 m/s
  maximum circle overlap: 0.00009685755 mm (0.000009685755 px)
  worst circle overlap pair: 0 at (-4.35, -2.95), awake=true; 88 at (-4.35, -2.8500001), awake=true
  overlapping circle pairs above 0.5 mm: 0
  base awake below -2 m: 880 / 880
  awake by zone: left=722, center=1564, right=714
  right maximum speed: 0.0 m/s
  awake[0] circle: position=(-4.35, -2.95), velocity=(0.0, 0.0), angular=0.0
  awake[1] box: position=(-4.25, -2.95), velocity=(0.0, 0.0), angular=0.0
  awake[2] circle: position=(-4.15, -2.95), velocity=(0.0, 0.0), angular=0.0
  awake[3] box: position=(-4.05, -2.95), velocity=(0.0, 0.0), angular=0.0
  awake[4] circle: position=(-3.95, -2.95), velocity=(0.0, 0.0), angular=0.0
  awake[5] box: position=(-3.8500001, -2.95), velocity=(0.0, 0.0), angular=0.0
  awake[6] circle: position=(-3.75, -2.95), velocity=(0.0, 0.0), angular=0.0
  awake[7] box: position=(-3.65, -2.95), velocity=(0.0, 0.0), angular=0.0
  awake[8] circle: position=(-3.55, -2.95), velocity=(0.0, 0.0), angular=0.0
  awake[9] box: position=(-3.45, -2.95), velocity=(0.0, 0.0), angular=0.0
  awake[10] circle: position=(-3.3500001, -2.95), velocity=(0.0, 0.0), angular=0.0
  awake[11] box: position=(-3.25, -2.95), velocity=(0.0, 0.0), angular=0.0
  awake[12] circle: position=(-3.15, -2.95), velocity=(0.0, 0.0), angular=0.0
  awake[13] box: position=(-3.05, -2.95), velocity=(0.0, 0.0), angular=0.0
  awake[14] circle: position=(-2.95, -2.95), velocity=(0.0, 0.0), angular=0.0
  awake[15] box: position=(-2.8500001, -2.95), velocity=(0.0, 0.0), angular=0.0
  awake[16] circle: position=(-2.75, -2.95), velocity=(0.0, 0.0), angular=0.0
  awake[17] box: position=(-2.65, -2.95), velocity=(0.0, 0.0), angular=0.0
  awake[18] circle: position=(-2.55, -2.95), velocity=(0.0, 0.0), angular=0.0
  awake[19] box: position=(-2.45, -2.95), velocity=(0.0, 0.0), angular=0.0
  awake[20] circle: position=(-2.3500001, -2.95), velocity=(0.0, 0.0), angular=0.0
  awake[21] box: position=(-2.25, -2.95), velocity=(0.0, 0.0), angular=0.0
  awake[22] circle: position=(-2.15, -2.95), velocity=(0.0, 0.0), angular=0.0
  awake[23] box: position=(-2.05, -2.95), velocity=(0.0, 0.0), angular=0.0
  draw calls: 3
  pipeline binds: 3
  rendered instances: 3001
{"command": ["/private/tmp/falling-regression-20260920/candidate", "--stress-3000", "--smoke", "--immediate", "--no-panel", "--render-only", "--fixed-work", "--batch-1"], "cwd": "/Users/nekmata/Projects/SilexProject", "pid": 75843, "reason": "completed", "returncode": 0, "elapsed_seconds": 1.187, "sampled_peak_rss_kib": 104992, "sampled_peak_physical_footprint_kib": 296145, "sampled_peak_processes": 1, "limits": {"seconds": 90.0, "mib": 4096, "processes": 8, "polling_seconds": 0.1}}

=== render3000-9-candidate.log ===
State block: render3000-state.txt; SHA-256 bee69726ea4fbbab48351aaa414f59a06b8604d7078e55191ef99b2e8e0a05ad
FallingBody smoke: 3000 dynamic bodies (1500 circles, 1500 boxes)
  fixed-work frames: 120
  fixed-work measured steps: 0
  fixed-work total steps: 0
  average render FPS: 479.6028
  visual Hz: 0.0
  repeated render frames: 100.0 %
  physics Hz: 0.0
  physics capacity: 0.0 Hz
  cycle/step: 250.20703 ms
  worker/step: 0.0 ms
  resubmit gap/step: 250.20703 ms
  queue + poll/step: 0.0 ms
  spawn/step: 0.0 ms
  physics steps/frame: 0.0
  average physics/frame: 0.0 ms
  average transform transfer/batch: 0.0 ms
  maximum substeps: 0
  awake: 3000
  active pairs: 0
  physics step: 0.0 ms
  motion: 0.0 ms
  broad phase: 0.0 ms
  solve: 0.0 ms
  sleep: 0.0 ms
  maximum speed: 0.0 m/s
  maximum angular speed: 0.0 rad/s
  base maximum speed: 0.0 m/s
  base maximum angular speed: 0.0 rad/s
  floor layer maximum speed: 0.0 m/s
  floor layer maximum velocity: (0.0, 0.0) m/s
  minimum y: -2.95 m
  oldest 100 maximum speed: 0.0 m/s
  maximum circle overlap: 0.00009685755 mm (0.000009685755 px)
  worst circle overlap pair: 0 at (-4.35, -2.95), awake=true; 88 at (-4.35, -2.8500001), awake=true
  overlapping circle pairs above 0.5 mm: 0
  base awake below -2 m: 880 / 880
  awake by zone: left=722, center=1564, right=714
  right maximum speed: 0.0 m/s
  awake[0] circle: position=(-4.35, -2.95), velocity=(0.0, 0.0), angular=0.0
  awake[1] box: position=(-4.25, -2.95), velocity=(0.0, 0.0), angular=0.0
  awake[2] circle: position=(-4.15, -2.95), velocity=(0.0, 0.0), angular=0.0
  awake[3] box: position=(-4.05, -2.95), velocity=(0.0, 0.0), angular=0.0
  awake[4] circle: position=(-3.95, -2.95), velocity=(0.0, 0.0), angular=0.0
  awake[5] box: position=(-3.8500001, -2.95), velocity=(0.0, 0.0), angular=0.0
  awake[6] circle: position=(-3.75, -2.95), velocity=(0.0, 0.0), angular=0.0
  awake[7] box: position=(-3.65, -2.95), velocity=(0.0, 0.0), angular=0.0
  awake[8] circle: position=(-3.55, -2.95), velocity=(0.0, 0.0), angular=0.0
  awake[9] box: position=(-3.45, -2.95), velocity=(0.0, 0.0), angular=0.0
  awake[10] circle: position=(-3.3500001, -2.95), velocity=(0.0, 0.0), angular=0.0
  awake[11] box: position=(-3.25, -2.95), velocity=(0.0, 0.0), angular=0.0
  awake[12] circle: position=(-3.15, -2.95), velocity=(0.0, 0.0), angular=0.0
  awake[13] box: position=(-3.05, -2.95), velocity=(0.0, 0.0), angular=0.0
  awake[14] circle: position=(-2.95, -2.95), velocity=(0.0, 0.0), angular=0.0
  awake[15] box: position=(-2.8500001, -2.95), velocity=(0.0, 0.0), angular=0.0
  awake[16] circle: position=(-2.75, -2.95), velocity=(0.0, 0.0), angular=0.0
  awake[17] box: position=(-2.65, -2.95), velocity=(0.0, 0.0), angular=0.0
  awake[18] circle: position=(-2.55, -2.95), velocity=(0.0, 0.0), angular=0.0
  awake[19] box: position=(-2.45, -2.95), velocity=(0.0, 0.0), angular=0.0
  awake[20] circle: position=(-2.3500001, -2.95), velocity=(0.0, 0.0), angular=0.0
  awake[21] box: position=(-2.25, -2.95), velocity=(0.0, 0.0), angular=0.0
  awake[22] circle: position=(-2.15, -2.95), velocity=(0.0, 0.0), angular=0.0
  awake[23] box: position=(-2.05, -2.95), velocity=(0.0, 0.0), angular=0.0
  draw calls: 3
  pipeline binds: 3
  rendered instances: 3001
{"command": ["/private/tmp/falling-regression-20260920/candidate", "--stress-3000", "--smoke", "--immediate", "--no-panel", "--render-only", "--fixed-work", "--batch-1"], "cwd": "/Users/nekmata/Projects/SilexProject", "pid": 75856, "reason": "completed", "returncode": 0, "elapsed_seconds": 1.186, "sampled_peak_rss_kib": 104640, "sampled_peak_physical_footprint_kib": 295825, "sampled_peak_processes": 1, "limits": {"seconds": 90.0, "mib": 4096, "processes": 8, "polling_seconds": 0.1}}

=== render3000-9-before.log ===
State block: render3000-state.txt; SHA-256 bee69726ea4fbbab48351aaa414f59a06b8604d7078e55191ef99b2e8e0a05ad
FallingBody smoke: 3000 dynamic bodies (1500 circles, 1500 boxes)
  fixed-work frames: 120
  fixed-work measured steps: 0
  fixed-work total steps: 0
  average render FPS: 261.70358
  visual Hz: 0.0
  repeated render frames: 100.0 %
  physics Hz: 0.0
  physics capacity: 0.0 Hz
  cycle/step: 458.53406 ms
  worker/step: 0.0 ms
  resubmit gap/step: 458.53406 ms
  queue + poll/step: 0.0 ms
  spawn/step: 0.0 ms
  physics steps/frame: 0.0
  average physics/frame: 0.0 ms
  average transform transfer/batch: 0.0 ms
  maximum substeps: 0
  awake: 3000
  active pairs: 0
  physics step: 0.0 ms
  motion: 0.0 ms
  broad phase: 0.0 ms
  solve: 0.0 ms
  sleep: 0.0 ms
  maximum speed: 0.0 m/s
  maximum angular speed: 0.0 rad/s
  base maximum speed: 0.0 m/s
  base maximum angular speed: 0.0 rad/s
  floor layer maximum speed: 0.0 m/s
  floor layer maximum velocity: (0.0, 0.0) m/s
  minimum y: -2.95 m
  oldest 100 maximum speed: 0.0 m/s
  maximum circle overlap: 0.00009685755 mm (0.000009685755 px)
  worst circle overlap pair: 0 at (-4.35, -2.95), awake=true; 88 at (-4.35, -2.8500001), awake=true
  overlapping circle pairs above 0.5 mm: 0
  base awake below -2 m: 880 / 880
  awake by zone: left=722, center=1564, right=714
  right maximum speed: 0.0 m/s
  awake[0] circle: position=(-4.35, -2.95), velocity=(0.0, 0.0), angular=0.0
  awake[1] box: position=(-4.25, -2.95), velocity=(0.0, 0.0), angular=0.0
  awake[2] circle: position=(-4.15, -2.95), velocity=(0.0, 0.0), angular=0.0
  awake[3] box: position=(-4.05, -2.95), velocity=(0.0, 0.0), angular=0.0
  awake[4] circle: position=(-3.95, -2.95), velocity=(0.0, 0.0), angular=0.0
  awake[5] box: position=(-3.8500001, -2.95), velocity=(0.0, 0.0), angular=0.0
  awake[6] circle: position=(-3.75, -2.95), velocity=(0.0, 0.0), angular=0.0
  awake[7] box: position=(-3.65, -2.95), velocity=(0.0, 0.0), angular=0.0
  awake[8] circle: position=(-3.55, -2.95), velocity=(0.0, 0.0), angular=0.0
  awake[9] box: position=(-3.45, -2.95), velocity=(0.0, 0.0), angular=0.0
  awake[10] circle: position=(-3.3500001, -2.95), velocity=(0.0, 0.0), angular=0.0
  awake[11] box: position=(-3.25, -2.95), velocity=(0.0, 0.0), angular=0.0
  awake[12] circle: position=(-3.15, -2.95), velocity=(0.0, 0.0), angular=0.0
  awake[13] box: position=(-3.05, -2.95), velocity=(0.0, 0.0), angular=0.0
  awake[14] circle: position=(-2.95, -2.95), velocity=(0.0, 0.0), angular=0.0
  awake[15] box: position=(-2.8500001, -2.95), velocity=(0.0, 0.0), angular=0.0
  awake[16] circle: position=(-2.75, -2.95), velocity=(0.0, 0.0), angular=0.0
  awake[17] box: position=(-2.65, -2.95), velocity=(0.0, 0.0), angular=0.0
  awake[18] circle: position=(-2.55, -2.95), velocity=(0.0, 0.0), angular=0.0
  awake[19] box: position=(-2.45, -2.95), velocity=(0.0, 0.0), angular=0.0
  awake[20] circle: position=(-2.3500001, -2.95), velocity=(0.0, 0.0), angular=0.0
  awake[21] box: position=(-2.25, -2.95), velocity=(0.0, 0.0), angular=0.0
  awake[22] circle: position=(-2.15, -2.95), velocity=(0.0, 0.0), angular=0.0
  awake[23] box: position=(-2.05, -2.95), velocity=(0.0, 0.0), angular=0.0
  draw calls: 3
  pipeline binds: 3
  rendered instances: 3001
{"command": ["/private/tmp/falling-regression-20260920/before", "--stress-3000", "--smoke", "--immediate", "--no-panel", "--render-only", "--fixed-work", "--batch-1"], "cwd": "/Users/nekmata/Projects/SilexProject", "pid": 75869, "reason": "completed", "returncode": 0, "elapsed_seconds": 1.399, "sampled_peak_rss_kib": 105200, "sampled_peak_physical_footprint_kib": 296353, "sampled_peak_processes": 1, "limits": {"seconds": 90.0, "mib": 4096, "processes": 8, "polling_seconds": 0.1}}
